Reference,Value,Footprint,DNP,Role,MPN
L1,1u,Inductor_SMD:L_0805_2012Metric,False,E00 inductor; Abracon AIML-0805-1R0K-T 10% Q>=45 at 10MHz,AIML-0805-1R0K-T
L2,1u,Inductor_SMD:L_0805_2012Metric,False,E01 inductor; Abracon AIML-0805-1R0K-T 10% Q>=45 at 10MHz,AIML-0805-1R0K-T
L3,1u,Inductor_SMD:L_0805_2012Metric,False,E02 inductor; Abracon AIML-0805-1R0K-T 10% Q>=45 at 10MHz,AIML-0805-1R0K-T
L4,1u,Inductor_SMD:L_0805_2012Metric,False,E03 inductor; Abracon AIML-0805-1R0K-T 10% Q>=45 at 10MHz,AIML-0805-1R0K-T
L5,1u,Inductor_SMD:L_0805_2012Metric,False,E04 inductor; Abracon AIML-0805-1R0K-T 10% Q>=45 at 10MHz,AIML-0805-1R0K-T
L6,1u,Inductor_SMD:L_0805_2012Metric,False,E05 inductor; Abracon AIML-0805-1R0K-T 10% Q>=45 at 10MHz,AIML-0805-1R0K-T
L7,1u,Inductor_SMD:L_0805_2012Metric,False,E06 inductor; Abracon AIML-0805-1R0K-T 10% Q>=45 at 10MHz,AIML-0805-1R0K-T
L8,1u,Inductor_SMD:L_0805_2012Metric,False,E07 inductor; Abracon AIML-0805-1R0K-T 10% Q>=45 at 10MHz,AIML-0805-1R0K-T
L9,1u,Inductor_SMD:L_0805_2012Metric,False,E08 inductor; Abracon AIML-0805-1R0K-T 10% Q>=45 at 10MHz,AIML-0805-1R0K-T
L10,1u,Inductor_SMD:L_0805_2012Metric,False,E09 inductor; Abracon AIML-0805-1R0K-T 10% Q>=45 at 10MHz,AIML-0805-1R0K-T
L11,1u,Inductor_SMD:L_0805_2012Metric,False,E10 inductor; Abracon AIML-0805-1R0K-T 10% Q>=45 at 10MHz,AIML-0805-1R0K-T
L12,1u,Inductor_SMD:L_0805_2012Metric,False,E11 inductor; Abracon AIML-0805-1R0K-T 10% Q>=45 at 10MHz,AIML-0805-1R0K-T
L13,1u,Inductor_SMD:L_0805_2012Metric,False,E12 inductor; Abracon AIML-0805-1R0K-T 10% Q>=45 at 10MHz,AIML-0805-1R0K-T
L14,1u,Inductor_SMD:L_0805_2012Metric,False,E13 inductor; Abracon AIML-0805-1R0K-T 10% Q>=45 at 10MHz,AIML-0805-1R0K-T
L15,1u,Inductor_SMD:L_0805_2012Metric,False,E14 inductor; Abracon AIML-0805-1R0K-T 10% Q>=45 at 10MHz,AIML-0805-1R0K-T
L16,1u,Inductor_SMD:L_0805_2012Metric,False,E15 inductor; Abracon AIML-0805-1R0K-T 10% Q>=45 at 10MHz,AIML-0805-1R0K-T
L17,1u,Inductor_SMD:L_0805_2012Metric,False,E16 inductor; Abracon AIML-0805-1R0K-T 10% Q>=45 at 10MHz,AIML-0805-1R0K-T
L18,1u,Inductor_SMD:L_0805_2012Metric,False,E17 inductor; Abracon AIML-0805-1R0K-T 10% Q>=45 at 10MHz,AIML-0805-1R0K-T
L19,1u,Inductor_SMD:L_0805_2012Metric,False,E18 inductor; Abracon AIML-0805-1R0K-T 10% Q>=45 at 10MHz,AIML-0805-1R0K-T
L20,1u,Inductor_SMD:L_0805_2012Metric,False,E19 inductor; Abracon AIML-0805-1R0K-T 10% Q>=45 at 10MHz,AIML-0805-1R0K-T
L21,1u,Inductor_SMD:L_0805_2012Metric,False,E20 inductor; Abracon AIML-0805-1R0K-T 10% Q>=45 at 10MHz,AIML-0805-1R0K-T
L22,1u,Inductor_SMD:L_0805_2012Metric,False,E21 inductor; Abracon AIML-0805-1R0K-T 10% Q>=45 at 10MHz,AIML-0805-1R0K-T
L23,1u,Inductor_SMD:L_0805_2012Metric,False,E22 inductor; Abracon AIML-0805-1R0K-T 10% Q>=45 at 10MHz,AIML-0805-1R0K-T
L24,1u,Inductor_SMD:L_0805_2012Metric,False,E23 inductor; Abracon AIML-0805-1R0K-T 10% Q>=45 at 10MHz,AIML-0805-1R0K-T
L25,1u,Inductor_SMD:L_0805_2012Metric,False,E24 inductor; Abracon AIML-0805-1R0K-T 10% Q>=45 at 10MHz,AIML-0805-1R0K-T
L26,1u,Inductor_SMD:L_0805_2012Metric,False,E25 inductor; Abracon AIML-0805-1R0K-T 10% Q>=45 at 10MHz,AIML-0805-1R0K-T
L27,1u,Inductor_SMD:L_0805_2012Metric,False,E26 inductor; Abracon AIML-0805-1R0K-T 10% Q>=45 at 10MHz,AIML-0805-1R0K-T
L28,1u,Inductor_SMD:L_0805_2012Metric,False,E27 inductor; Abracon AIML-0805-1R0K-T 10% Q>=45 at 10MHz,AIML-0805-1R0K-T
L29,1u,Inductor_SMD:L_0805_2012Metric,False,E28 inductor; Abracon AIML-0805-1R0K-T 10% Q>=45 at 10MHz,AIML-0805-1R0K-T
L30,1u,Inductor_SMD:L_0805_2012Metric,False,E29 inductor; Abracon AIML-0805-1R0K-T 10% Q>=45 at 10MHz,AIML-0805-1R0K-T
L31,1u,Inductor_SMD:L_0805_2012Metric,False,E30 inductor; Abracon AIML-0805-1R0K-T 10% Q>=45 at 10MHz,AIML-0805-1R0K-T
L32,1u,Inductor_SMD:L_0805_2012Metric,False,E31 inductor; Abracon AIML-0805-1R0K-T 10% Q>=45 at 10MHz,AIML-0805-1R0K-T
L33,1u,Inductor_SMD:L_0805_2012Metric,False,E32 inductor; Abracon AIML-0805-1R0K-T 10% Q>=45 at 10MHz,AIML-0805-1R0K-T
L34,1u,Inductor_SMD:L_0805_2012Metric,False,E33 inductor; Abracon AIML-0805-1R0K-T 10% Q>=45 at 10MHz,AIML-0805-1R0K-T
L35,1u,Inductor_SMD:L_0805_2012Metric,False,E34 inductor; Abracon AIML-0805-1R0K-T 10% Q>=45 at 10MHz,AIML-0805-1R0K-T
L36,1u,Inductor_SMD:L_0805_2012Metric,False,E35 inductor; Abracon AIML-0805-1R0K-T 10% Q>=45 at 10MHz,AIML-0805-1R0K-T
L37,1u,Inductor_SMD:L_0805_2012Metric,False,E36 inductor; Abracon AIML-0805-1R0K-T 10% Q>=45 at 10MHz,AIML-0805-1R0K-T
L38,1u,Inductor_SMD:L_0805_2012Metric,False,E37 inductor; Abracon AIML-0805-1R0K-T 10% Q>=45 at 10MHz,AIML-0805-1R0K-T
L39,1u,Inductor_SMD:L_0805_2012Metric,False,E38 inductor; Abracon AIML-0805-1R0K-T 10% Q>=45 at 10MHz,AIML-0805-1R0K-T
L40,1u,Inductor_SMD:L_0805_2012Metric,False,E39 inductor; Abracon AIML-0805-1R0K-T 10% Q>=45 at 10MHz,AIML-0805-1R0K-T
L41,1u,Inductor_SMD:L_0805_2012Metric,False,E40 inductor; Abracon AIML-0805-1R0K-T 10% Q>=45 at 10MHz,AIML-0805-1R0K-T
L42,1u,Inductor_SMD:L_0805_2012Metric,False,E41 inductor; Abracon AIML-0805-1R0K-T 10% Q>=45 at 10MHz,AIML-0805-1R0K-T
L43,1u,Inductor_SMD:L_0805_2012Metric,False,E42 inductor; Abracon AIML-0805-1R0K-T 10% Q>=45 at 10MHz,AIML-0805-1R0K-T
L44,1u,Inductor_SMD:L_0805_2012Metric,False,E43 inductor; Abracon AIML-0805-1R0K-T 10% Q>=45 at 10MHz,AIML-0805-1R0K-T
L45,1u,Inductor_SMD:L_0805_2012Metric,False,E44 inductor; Abracon AIML-0805-1R0K-T 10% Q>=45 at 10MHz,AIML-0805-1R0K-T
L46,1u,Inductor_SMD:L_0805_2012Metric,False,E45 inductor; Abracon AIML-0805-1R0K-T 10% Q>=45 at 10MHz,AIML-0805-1R0K-T
L47,1u,Inductor_SMD:L_0805_2012Metric,False,E46 inductor; Abracon AIML-0805-1R0K-T 10% Q>=45 at 10MHz,AIML-0805-1R0K-T
L48,1u,Inductor_SMD:L_0805_2012Metric,False,E47 inductor; Abracon AIML-0805-1R0K-T 10% Q>=45 at 10MHz,AIML-0805-1R0K-T
L49,1u,Inductor_SMD:L_0805_2012Metric,False,E48 inductor; Abracon AIML-0805-1R0K-T 10% Q>=45 at 10MHz,AIML-0805-1R0K-T
L50,1u,Inductor_SMD:L_0805_2012Metric,False,E49 inductor; Abracon AIML-0805-1R0K-T 10% Q>=45 at 10MHz,AIML-0805-1R0K-T
L51,1u,Inductor_SMD:L_0805_2012Metric,False,E50 inductor; Abracon AIML-0805-1R0K-T 10% Q>=45 at 10MHz,AIML-0805-1R0K-T
L52,1u,Inductor_SMD:L_0805_2012Metric,False,E51 inductor; Abracon AIML-0805-1R0K-T 10% Q>=45 at 10MHz,AIML-0805-1R0K-T
L53,1u,Inductor_SMD:L_0805_2012Metric,False,E52 inductor; Abracon AIML-0805-1R0K-T 10% Q>=45 at 10MHz,AIML-0805-1R0K-T
L54,1u,Inductor_SMD:L_0805_2012Metric,False,E53 inductor; Abracon AIML-0805-1R0K-T 10% Q>=45 at 10MHz,AIML-0805-1R0K-T
L55,1u,Inductor_SMD:L_0805_2012Metric,False,E54 inductor; Abracon AIML-0805-1R0K-T 10% Q>=45 at 10MHz,AIML-0805-1R0K-T
L56,1u,Inductor_SMD:L_0805_2012Metric,False,E55 inductor; Abracon AIML-0805-1R0K-T 10% Q>=45 at 10MHz,AIML-0805-1R0K-T
C1,330p,Capacitor_SMD:C_0603_1608Metric,False,E55 boundary coupling 1/1,CC0603JRNPO9BN331
L57,1u,Inductor_SMD:L_0805_2012Metric,False,E56 inductor; Abracon AIML-0805-1R0K-T 10% Q>=45 at 10MHz,AIML-0805-1R0K-T
C2,330p,Capacitor_SMD:C_0603_1608Metric,False,E56 boundary coupling 1/1,CC0603JRNPO9BN331
L58,1u,Inductor_SMD:L_0805_2012Metric,False,E57 inductor; Abracon AIML-0805-1R0K-T 10% Q>=45 at 10MHz,AIML-0805-1R0K-T
C3,330p,Capacitor_SMD:C_0603_1608Metric,False,E57 boundary coupling 1/1,CC0603JRNPO9BN331
L59,1u,Inductor_SMD:L_0805_2012Metric,False,E58 inductor; Abracon AIML-0805-1R0K-T 10% Q>=45 at 10MHz,AIML-0805-1R0K-T
C4,330p,Capacitor_SMD:C_0603_1608Metric,False,E58 boundary coupling 1/1,CC0603JRNPO9BN331
L60,1u,Inductor_SMD:L_0805_2012Metric,False,E59 inductor; Abracon AIML-0805-1R0K-T 10% Q>=45 at 10MHz,AIML-0805-1R0K-T
C5,330p,Capacitor_SMD:C_0603_1608Metric,False,E59 boundary coupling 1/1,CC0603JRNPO9BN331
L61,1u,Inductor_SMD:L_0805_2012Metric,False,E60 inductor; Abracon AIML-0805-1R0K-T 10% Q>=45 at 10MHz,AIML-0805-1R0K-T
C6,330p,Capacitor_SMD:C_0603_1608Metric,False,E60 boundary coupling 1/1,CC0603JRNPO9BN331
L62,1u,Inductor_SMD:L_0805_2012Metric,False,E61 inductor; Abracon AIML-0805-1R0K-T 10% Q>=45 at 10MHz,AIML-0805-1R0K-T
C7,330p,Capacitor_SMD:C_0603_1608Metric,False,E61 boundary coupling 1/2,CC0603JRNPO9BN331
C8,330p,Capacitor_SMD:C_0603_1608Metric,False,E61 boundary coupling 2/2,CC0603JRNPO9BN331
L63,1u,Inductor_SMD:L_0805_2012Metric,False,E62 inductor; Abracon AIML-0805-1R0K-T 10% Q>=45 at 10MHz,AIML-0805-1R0K-T
C9,330p,Capacitor_SMD:C_0603_1608Metric,False,E62 boundary coupling 1/2,CC0603JRNPO9BN331
C10,330p,Capacitor_SMD:C_0603_1608Metric,False,E62 boundary coupling 2/2,CC0603JRNPO9BN331
L64,1u,Inductor_SMD:L_0805_2012Metric,False,E63 inductor; Abracon AIML-0805-1R0K-T 10% Q>=45 at 10MHz,AIML-0805-1R0K-T
C11,330p,Capacitor_SMD:C_0603_1608Metric,False,E63 boundary coupling 1/2,CC0603JRNPO9BN331
C12,330p,Capacitor_SMD:C_0603_1608Metric,False,E63 boundary coupling 2/2,CC0603JRNPO9BN331
L65,1u,Inductor_SMD:L_0805_2012Metric,False,E64 inductor; Abracon AIML-0805-1R0K-T 10% Q>=45 at 10MHz,AIML-0805-1R0K-T
C13,330p,Capacitor_SMD:C_0603_1608Metric,False,E64 boundary coupling 1/2,CC0603JRNPO9BN331
C14,330p,Capacitor_SMD:C_0603_1608Metric,False,E64 boundary coupling 2/2,CC0603JRNPO9BN331
L66,1u,Inductor_SMD:L_0805_2012Metric,False,E65 inductor; Abracon AIML-0805-1R0K-T 10% Q>=45 at 10MHz,AIML-0805-1R0K-T
C15,330p,Capacitor_SMD:C_0603_1608Metric,False,E65 boundary coupling 1/2,CC0603JRNPO9BN331
C16,330p,Capacitor_SMD:C_0603_1608Metric,False,E65 boundary coupling 2/2,CC0603JRNPO9BN331
L67,1u,Inductor_SMD:L_0805_2012Metric,False,E66 inductor; Abracon AIML-0805-1R0K-T 10% Q>=45 at 10MHz,AIML-0805-1R0K-T
C17,330p,Capacitor_SMD:C_0603_1608Metric,False,E66 boundary coupling 1/2,CC0603JRNPO9BN331
C18,330p,Capacitor_SMD:C_0603_1608Metric,False,E66 boundary coupling 2/2,CC0603JRNPO9BN331
L68,1u,Inductor_SMD:L_0805_2012Metric,False,E67 inductor; Abracon AIML-0805-1R0K-T 10% Q>=45 at 10MHz,AIML-0805-1R0K-T
C19,330p,Capacitor_SMD:C_0603_1608Metric,False,E67 boundary coupling 1/2,CC0603JRNPO9BN331
C20,330p,Capacitor_SMD:C_0603_1608Metric,False,E67 boundary coupling 2/2,CC0603JRNPO9BN331
L69,1u,Inductor_SMD:L_0805_2012Metric,False,E68 inductor; Abracon AIML-0805-1R0K-T 10% Q>=45 at 10MHz,AIML-0805-1R0K-T
C21,330p,Capacitor_SMD:C_0603_1608Metric,False,E68 boundary coupling 1/2,CC0603JRNPO9BN331
C22,330p,Capacitor_SMD:C_0603_1608Metric,False,E68 boundary coupling 2/2,CC0603JRNPO9BN331
L70,1u,Inductor_SMD:L_0805_2012Metric,False,E69 inductor; Abracon AIML-0805-1R0K-T 10% Q>=45 at 10MHz,AIML-0805-1R0K-T
C23,330p,Capacitor_SMD:C_0603_1608Metric,False,E69 boundary coupling 1/2,CC0603JRNPO9BN331
C24,330p,Capacitor_SMD:C_0603_1608Metric,False,E69 boundary coupling 2/2,CC0603JRNPO9BN331
L71,1u,Inductor_SMD:L_0805_2012Metric,False,E70 inductor; Abracon AIML-0805-1R0K-T 10% Q>=45 at 10MHz,AIML-0805-1R0K-T
C25,330p,Capacitor_SMD:C_0603_1608Metric,False,E70 boundary coupling 1/2,CC0603JRNPO9BN331
C26,330p,Capacitor_SMD:C_0603_1608Metric,False,E70 boundary coupling 2/2,CC0603JRNPO9BN331
L72,1u,Inductor_SMD:L_0805_2012Metric,False,E71 inductor; Abracon AIML-0805-1R0K-T 10% Q>=45 at 10MHz,AIML-0805-1R0K-T
C27,330p,Capacitor_SMD:C_0603_1608Metric,False,E71 boundary coupling 1/2,CC0603JRNPO9BN331
C28,330p,Capacitor_SMD:C_0603_1608Metric,False,E71 boundary coupling 2/2,CC0603JRNPO9BN331
L73,1u,Inductor_SMD:L_0805_2012Metric,False,E72 inductor; Abracon AIML-0805-1R0K-T 10% Q>=45 at 10MHz,AIML-0805-1R0K-T
C29,330p,Capacitor_SMD:C_0603_1608Metric,False,E72 boundary coupling 1/2,CC0603JRNPO9BN331
C30,330p,Capacitor_SMD:C_0603_1608Metric,False,E72 boundary coupling 2/2,CC0603JRNPO9BN331
L74,1u,Inductor_SMD:L_0805_2012Metric,False,E73 inductor; Abracon AIML-0805-1R0K-T 10% Q>=45 at 10MHz,AIML-0805-1R0K-T
C31,330p,Capacitor_SMD:C_0603_1608Metric,False,E73 boundary coupling 1/3,CC0603JRNPO9BN331
C32,330p,Capacitor_SMD:C_0603_1608Metric,False,E73 boundary coupling 2/3,CC0603JRNPO9BN331
C33,330p,Capacitor_SMD:C_0603_1608Metric,False,E73 boundary coupling 3/3,CC0603JRNPO9BN331
L75,1u,Inductor_SMD:L_0805_2012Metric,False,E74 inductor; Abracon AIML-0805-1R0K-T 10% Q>=45 at 10MHz,AIML-0805-1R0K-T
C34,330p,Capacitor_SMD:C_0603_1608Metric,False,E74 boundary coupling 1/3,CC0603JRNPO9BN331
C35,330p,Capacitor_SMD:C_0603_1608Metric,False,E74 boundary coupling 2/3,CC0603JRNPO9BN331
C36,330p,Capacitor_SMD:C_0603_1608Metric,False,E74 boundary coupling 3/3,CC0603JRNPO9BN331
L76,1u,Inductor_SMD:L_0805_2012Metric,False,E75 inductor; Abracon AIML-0805-1R0K-T 10% Q>=45 at 10MHz,AIML-0805-1R0K-T
C37,330p,Capacitor_SMD:C_0603_1608Metric,False,E75 boundary coupling 1/3,CC0603JRNPO9BN331
C38,330p,Capacitor_SMD:C_0603_1608Metric,False,E75 boundary coupling 2/3,CC0603JRNPO9BN331
C39,330p,Capacitor_SMD:C_0603_1608Metric,False,E75 boundary coupling 3/3,CC0603JRNPO9BN331
L77,1u,Inductor_SMD:L_0805_2012Metric,False,E76 inductor; Abracon AIML-0805-1R0K-T 10% Q>=45 at 10MHz,AIML-0805-1R0K-T
C40,330p,Capacitor_SMD:C_0603_1608Metric,False,E76 boundary coupling 1/3,CC0603JRNPO9BN331
C41,330p,Capacitor_SMD:C_0603_1608Metric,False,E76 boundary coupling 2/3,CC0603JRNPO9BN331
C42,330p,Capacitor_SMD:C_0603_1608Metric,False,E76 boundary coupling 3/3,CC0603JRNPO9BN331
L78,1u,Inductor_SMD:L_0805_2012Metric,False,E77 inductor; Abracon AIML-0805-1R0K-T 10% Q>=45 at 10MHz,AIML-0805-1R0K-T
C43,330p,Capacitor_SMD:C_0603_1608Metric,False,E77 boundary coupling 1/3,CC0603JRNPO9BN331
C44,330p,Capacitor_SMD:C_0603_1608Metric,False,E77 boundary coupling 2/3,CC0603JRNPO9BN331
C45,330p,Capacitor_SMD:C_0603_1608Metric,False,E77 boundary coupling 3/3,CC0603JRNPO9BN331
L79,1u,Inductor_SMD:L_0805_2012Metric,False,E78 inductor; Abracon AIML-0805-1R0K-T 10% Q>=45 at 10MHz,AIML-0805-1R0K-T
C46,330p,Capacitor_SMD:C_0603_1608Metric,False,E78 boundary coupling 1/3,CC0603JRNPO9BN331
C47,330p,Capacitor_SMD:C_0603_1608Metric,False,E78 boundary coupling 2/3,CC0603JRNPO9BN331
C48,330p,Capacitor_SMD:C_0603_1608Metric,False,E78 boundary coupling 3/3,CC0603JRNPO9BN331
L80,1u,Inductor_SMD:L_0805_2012Metric,False,E79 inductor; Abracon AIML-0805-1R0K-T 10% Q>=45 at 10MHz,AIML-0805-1R0K-T
C49,330p,Capacitor_SMD:C_0603_1608Metric,False,E79 boundary coupling 1/3,CC0603JRNPO9BN331
C50,330p,Capacitor_SMD:C_0603_1608Metric,False,E79 boundary coupling 2/3,CC0603JRNPO9BN331
C51,330p,Capacitor_SMD:C_0603_1608Metric,False,E79 boundary coupling 3/3,CC0603JRNPO9BN331
L81,1u,Inductor_SMD:L_0805_2012Metric,False,E80 inductor; Abracon AIML-0805-1R0K-T 10% Q>=45 at 10MHz,AIML-0805-1R0K-T
C52,330p,Capacitor_SMD:C_0603_1608Metric,False,E80 boundary coupling 1/3,CC0603JRNPO9BN331
C53,330p,Capacitor_SMD:C_0603_1608Metric,False,E80 boundary coupling 2/3,CC0603JRNPO9BN331
C54,330p,Capacitor_SMD:C_0603_1608Metric,False,E80 boundary coupling 3/3,CC0603JRNPO9BN331
L82,1u,Inductor_SMD:L_0805_2012Metric,False,E81 inductor; Abracon AIML-0805-1R0K-T 10% Q>=45 at 10MHz,AIML-0805-1R0K-T
C55,330p,Capacitor_SMD:C_0603_1608Metric,False,E81 boundary coupling 1/3,CC0603JRNPO9BN331
C56,330p,Capacitor_SMD:C_0603_1608Metric,False,E81 boundary coupling 2/3,CC0603JRNPO9BN331
C57,330p,Capacitor_SMD:C_0603_1608Metric,False,E81 boundary coupling 3/3,CC0603JRNPO9BN331
L83,1u,Inductor_SMD:L_0805_2012Metric,False,E82 inductor; Abracon AIML-0805-1R0K-T 10% Q>=45 at 10MHz,AIML-0805-1R0K-T
C58,330p,Capacitor_SMD:C_0603_1608Metric,False,E82 boundary coupling 1/3,CC0603JRNPO9BN331
C59,330p,Capacitor_SMD:C_0603_1608Metric,False,E82 boundary coupling 2/3,CC0603JRNPO9BN331
C60,330p,Capacitor_SMD:C_0603_1608Metric,False,E82 boundary coupling 3/3,CC0603JRNPO9BN331
L84,1u,Inductor_SMD:L_0805_2012Metric,False,E83 inductor; Abracon AIML-0805-1R0K-T 10% Q>=45 at 10MHz,AIML-0805-1R0K-T
C61,330p,Capacitor_SMD:C_0603_1608Metric,False,E83 boundary coupling 1/3,CC0603JRNPO9BN331
C62,330p,Capacitor_SMD:C_0603_1608Metric,False,E83 boundary coupling 2/3,CC0603JRNPO9BN331
C63,330p,Capacitor_SMD:C_0603_1608Metric,False,E83 boundary coupling 3/3,CC0603JRNPO9BN331
L85,1u,Inductor_SMD:L_0805_2012Metric,False,E84 inductor; Abracon AIML-0805-1R0K-T 10% Q>=45 at 10MHz,AIML-0805-1R0K-T
C64,330p,Capacitor_SMD:C_0603_1608Metric,False,E84 boundary coupling 1/3,CC0603JRNPO9BN331
C65,330p,Capacitor_SMD:C_0603_1608Metric,False,E84 boundary coupling 2/3,CC0603JRNPO9BN331
C66,330p,Capacitor_SMD:C_0603_1608Metric,False,E84 boundary coupling 3/3,CC0603JRNPO9BN331
C67,330p,Capacitor_SMD:C_0603_1608Metric,False,E edge 0-1 defect D1: replace 165p/open or parallel 330p,CC0603JRNPO9BN331
C68,330p,Capacitor_SMD:C_0603_1608Metric,True,E edge 0-1 defect D1: replace 165p/open or parallel 330p parallel,CC0603JRNPO9BN331
C69,330p,Capacitor_SMD:C_0603_1608Metric,False,E edge 0-2,CC0603JRNPO9BN331
C70,330p,Capacitor_SMD:C_0603_1608Metric,False,E edge 0-3,CC0603JRNPO9BN331
C71,330p,Capacitor_SMD:C_0603_1608Metric,False,E edge 0-4,CC0603JRNPO9BN331
C72,330p,Capacitor_SMD:C_0603_1608Metric,False,E edge 0-5,CC0603JRNPO9BN331
C73,330p,Capacitor_SMD:C_0603_1608Metric,False,E edge 0-6,CC0603JRNPO9BN331
C74,330p,Capacitor_SMD:C_0603_1608Metric,False,E edge 1-2,CC0603JRNPO9BN331
C75,330p,Capacitor_SMD:C_0603_1608Metric,False,E edge 1-6,CC0603JRNPO9BN331
C76,330p,Capacitor_SMD:C_0603_1608Metric,False,E edge 1-7,CC0603JRNPO9BN331
C77,330p,Capacitor_SMD:C_0603_1608Metric,False,E edge 1-8,CC0603JRNPO9BN331
C78,330p,Capacitor_SMD:C_0603_1608Metric,False,E edge 1-13,CC0603JRNPO9BN331
C79,330p,Capacitor_SMD:C_0603_1608Metric,False,E edge 2-3,CC0603JRNPO9BN331
C80,330p,Capacitor_SMD:C_0603_1608Metric,False,E edge 2-8,CC0603JRNPO9BN331
C81,330p,Capacitor_SMD:C_0603_1608Metric,False,E edge 2-9,CC0603JRNPO9BN331
C82,330p,Capacitor_SMD:C_0603_1608Metric,False,E edge 2-14,CC0603JRNPO9BN331
C83,330p,Capacitor_SMD:C_0603_1608Metric,False,E edge 3-4,CC0603JRNPO9BN331
C84,330p,Capacitor_SMD:C_0603_1608Metric,False,E edge 3-9,CC0603JRNPO9BN331
C85,330p,Capacitor_SMD:C_0603_1608Metric,False,E edge 3-10,CC0603JRNPO9BN331
C86,330p,Capacitor_SMD:C_0603_1608Metric,False,E edge 3-15,CC0603JRNPO9BN331
C87,330p,Capacitor_SMD:C_0603_1608Metric,False,E edge 4-5,CC0603JRNPO9BN331
C88,330p,Capacitor_SMD:C_0603_1608Metric,False,E edge 4-10,CC0603JRNPO9BN331
C89,330p,Capacitor_SMD:C_0603_1608Metric,False,E edge 4-11,CC0603JRNPO9BN331
C90,330p,Capacitor_SMD:C_0603_1608Metric,False,E edge 4-16,CC0603JRNPO9BN331
C91,330p,Capacitor_SMD:C_0603_1608Metric,False,E edge 5-6,CC0603JRNPO9BN331
C92,330p,Capacitor_SMD:C_0603_1608Metric,False,E edge 5-11,CC0603JRNPO9BN331
C93,330p,Capacitor_SMD:C_0603_1608Metric,False,E edge 5-12,CC0603JRNPO9BN331
C94,330p,Capacitor_SMD:C_0603_1608Metric,False,E edge 5-17,CC0603JRNPO9BN331
C95,330p,Capacitor_SMD:C_0603_1608Metric,False,E edge 6-7,CC0603JRNPO9BN331
C96,330p,Capacitor_SMD:C_0603_1608Metric,False,E edge 6-12,CC0603JRNPO9BN331
C97,330p,Capacitor_SMD:C_0603_1608Metric,False,E edge 6-18,CC0603JRNPO9BN331
C98,330p,Capacitor_SMD:C_0603_1608Metric,False,E edge 7-13,CC0603JRNPO9BN331
C99,330p,Capacitor_SMD:C_0603_1608Metric,False,E edge 7-18,CC0603JRNPO9BN331
C100,330p,Capacitor_SMD:C_0603_1608Metric,False,E edge 7-19,CC0603JRNPO9BN331
C101,330p,Capacitor_SMD:C_0603_1608Metric,False,E edge 7-20,CC0603JRNPO9BN331
C102,330p,Capacitor_SMD:C_0603_1608Metric,False,E edge 8-13,CC0603JRNPO9BN331
C103,330p,Capacitor_SMD:C_0603_1608Metric,False,E edge 8-14,CC0603JRNPO9BN331
C104,330p,Capacitor_SMD:C_0603_1608Metric,False,E edge 8-21,CC0603JRNPO9BN331
C105,330p,Capacitor_SMD:C_0603_1608Metric,False,E edge 8-22,CC0603JRNPO9BN331
C106,330p,Capacitor_SMD:C_0603_1608Metric,False,E edge 9-14,CC0603JRNPO9BN331
C107,330p,Capacitor_SMD:C_0603_1608Metric,False,E edge 9-15 defect D2: replace 165p/open or parallel 330p,CC0603JRNPO9BN331
C108,330p,Capacitor_SMD:C_0603_1608Metric,True,E edge 9-15 defect D2: replace 165p/open or parallel 330p parallel,CC0603JRNPO9BN331
C109,330p,Capacitor_SMD:C_0603_1608Metric,False,E edge 9-23,CC0603JRNPO9BN331
C110,330p,Capacitor_SMD:C_0603_1608Metric,False,E edge 9-24,CC0603JRNPO9BN331
C111,330p,Capacitor_SMD:C_0603_1608Metric,False,E edge 10-15,CC0603JRNPO9BN331
C112,330p,Capacitor_SMD:C_0603_1608Metric,False,E edge 10-16,CC0603JRNPO9BN331
C113,330p,Capacitor_SMD:C_0603_1608Metric,False,E edge 10-25,CC0603JRNPO9BN331
C114,330p,Capacitor_SMD:C_0603_1608Metric,False,E edge 10-26,CC0603JRNPO9BN331
C115,330p,Capacitor_SMD:C_0603_1608Metric,False,E edge 11-16,CC0603JRNPO9BN331
C116,330p,Capacitor_SMD:C_0603_1608Metric,False,E edge 11-17,CC0603JRNPO9BN331
C117,330p,Capacitor_SMD:C_0603_1608Metric,False,E edge 11-27,CC0603JRNPO9BN331
C118,330p,Capacitor_SMD:C_0603_1608Metric,False,E edge 11-28,CC0603JRNPO9BN331
C119,330p,Capacitor_SMD:C_0603_1608Metric,False,E edge 12-17,CC0603JRNPO9BN331
C120,330p,Capacitor_SMD:C_0603_1608Metric,False,E edge 12-18,CC0603JRNPO9BN331
C121,330p,Capacitor_SMD:C_0603_1608Metric,False,E edge 12-29,CC0603JRNPO9BN331
C122,330p,Capacitor_SMD:C_0603_1608Metric,False,E edge 12-30,CC0603JRNPO9BN331
C123,330p,Capacitor_SMD:C_0603_1608Metric,False,E edge 13-20,CC0603JRNPO9BN331
C124,330p,Capacitor_SMD:C_0603_1608Metric,False,E edge 13-21,CC0603JRNPO9BN331
C125,330p,Capacitor_SMD:C_0603_1608Metric,False,E edge 13-31,CC0603JRNPO9BN331
C126,330p,Capacitor_SMD:C_0603_1608Metric,False,E edge 14-22,CC0603JRNPO9BN331
C127,330p,Capacitor_SMD:C_0603_1608Metric,False,E edge 14-23,CC0603JRNPO9BN331
C128,330p,Capacitor_SMD:C_0603_1608Metric,False,E edge 14-32 defect D3: replace 165p/open or parallel 330p,CC0603JRNPO9BN331
C129,330p,Capacitor_SMD:C_0603_1608Metric,True,E edge 14-32 defect D3: replace 165p/open or parallel 330p parallel,CC0603JRNPO9BN331
C130,330p,Capacitor_SMD:C_0603_1608Metric,False,E edge 15-24,CC0603JRNPO9BN331
C131,330p,Capacitor_SMD:C_0603_1608Metric,False,E edge 15-25,CC0603JRNPO9BN331
C132,330p,Capacitor_SMD:C_0603_1608Metric,False,E edge 15-33,CC0603JRNPO9BN331
C133,330p,Capacitor_SMD:C_0603_1608Metric,False,E edge 16-26,CC0603JRNPO9BN331
C134,330p,Capacitor_SMD:C_0603_1608Metric,False,E edge 16-27,CC0603JRNPO9BN331
C135,330p,Capacitor_SMD:C_0603_1608Metric,False,E edge 16-34,CC0603JRNPO9BN331
C136,330p,Capacitor_SMD:C_0603_1608Metric,False,E edge 17-28,CC0603JRNPO9BN331
C137,330p,Capacitor_SMD:C_0603_1608Metric,False,E edge 17-29,CC0603JRNPO9BN331
C138,330p,Capacitor_SMD:C_0603_1608Metric,False,E edge 17-35,CC0603JRNPO9BN331
C139,330p,Capacitor_SMD:C_0603_1608Metric,False,E edge 18-19,CC0603JRNPO9BN331
C140,330p,Capacitor_SMD:C_0603_1608Metric,False,E edge 18-30,CC0603JRNPO9BN331
C141,330p,Capacitor_SMD:C_0603_1608Metric,False,E edge 18-36 defect D6: replace 165p/open or parallel 330p,CC0603JRNPO9BN331
C142,330p,Capacitor_SMD:C_0603_1608Metric,True,E edge 18-36 defect D6: replace 165p/open or parallel 330p parallel,CC0603JRNPO9BN331
C143,330p,Capacitor_SMD:C_0603_1608Metric,False,E edge 19-20,CC0603JRNPO9BN331
C144,330p,Capacitor_SMD:C_0603_1608Metric,False,E edge 19-36,CC0603JRNPO9BN331
C145,330p,Capacitor_SMD:C_0603_1608Metric,False,E edge 19-37,CC0603JRNPO9BN331
C146,330p,Capacitor_SMD:C_0603_1608Metric,False,E edge 19-43,CC0603JRNPO9BN331
C147,330p,Capacitor_SMD:C_0603_1608Metric,False,E edge 20-31,CC0603JRNPO9BN331
C148,330p,Capacitor_SMD:C_0603_1608Metric,False,E edge 20-37,CC0603JRNPO9BN331
C149,330p,Capacitor_SMD:C_0603_1608Metric,False,E edge 20-44,CC0603JRNPO9BN331
C150,330p,Capacitor_SMD:C_0603_1608Metric,False,E edge 21-22,CC0603JRNPO9BN331
C151,330p,Capacitor_SMD:C_0603_1608Metric,False,E edge 21-31,CC0603JRNPO9BN331
C152,330p,Capacitor_SMD:C_0603_1608Metric,False,E edge 21-38,CC0603JRNPO9BN331
C153,330p,Capacitor_SMD:C_0603_1608Metric,False,E edge 21-45,CC0603JRNPO9BN331
C154,330p,Capacitor_SMD:C_0603_1608Metric,False,E edge 22-32,CC0603JRNPO9BN331
C155,330p,Capacitor_SMD:C_0603_1608Metric,False,E edge 22-38,CC0603JRNPO9BN331
C156,330p,Capacitor_SMD:C_0603_1608Metric,False,E edge 22-46,CC0603JRNPO9BN331
C157,330p,Capacitor_SMD:C_0603_1608Metric,False,E edge 23-24,CC0603JRNPO9BN331
C158,330p,Capacitor_SMD:C_0603_1608Metric,False,E edge 23-32,CC0603JRNPO9BN331
C159,330p,Capacitor_SMD:C_0603_1608Metric,False,E edge 23-39,CC0603JRNPO9BN331
C160,330p,Capacitor_SMD:C_0603_1608Metric,False,E edge 23-47,CC0603JRNPO9BN331
C161,330p,Capacitor_SMD:C_0603_1608Metric,False,E edge 24-33,CC0603JRNPO9BN331
C162,330p,Capacitor_SMD:C_0603_1608Metric,False,E edge 24-39,CC0603JRNPO9BN331
C163,330p,Capacitor_SMD:C_0603_1608Metric,False,E edge 24-48,CC0603JRNPO9BN331
C164,330p,Capacitor_SMD:C_0603_1608Metric,False,E edge 25-26,CC0603JRNPO9BN331
C165,330p,Capacitor_SMD:C_0603_1608Metric,False,E edge 25-33,CC0603JRNPO9BN331
C166,330p,Capacitor_SMD:C_0603_1608Metric,False,E edge 25-40,CC0603JRNPO9BN331
C167,330p,Capacitor_SMD:C_0603_1608Metric,False,E edge 25-49,CC0603JRNPO9BN331
C168,330p,Capacitor_SMD:C_0603_1608Metric,False,E edge 26-34,CC0603JRNPO9BN331
C169,330p,Capacitor_SMD:C_0603_1608Metric,False,E edge 26-40,CC0603JRNPO9BN331
C170,330p,Capacitor_SMD:C_0603_1608Metric,False,E edge 26-50,CC0603JRNPO9BN331
C171,330p,Capacitor_SMD:C_0603_1608Metric,False,E edge 27-28,CC0603JRNPO9BN331
C172,330p,Capacitor_SMD:C_0603_1608Metric,False,E edge 27-34,CC0603JRNPO9BN331
C173,330p,Capacitor_SMD:C_0603_1608Metric,False,E edge 27-41,CC0603JRNPO9BN331
C174,330p,Capacitor_SMD:C_0603_1608Metric,False,E edge 27-51,CC0603JRNPO9BN331
C175,330p,Capacitor_SMD:C_0603_1608Metric,False,E edge 28-35,CC0603JRNPO9BN331
C176,330p,Capacitor_SMD:C_0603_1608Metric,False,E edge 28-41,CC0603JRNPO9BN331
C177,330p,Capacitor_SMD:C_0603_1608Metric,False,E edge 28-52,CC0603JRNPO9BN331
C178,330p,Capacitor_SMD:C_0603_1608Metric,False,E edge 29-30,CC0603JRNPO9BN331
C179,330p,Capacitor_SMD:C_0603_1608Metric,False,E edge 29-35,CC0603JRNPO9BN331
C180,330p,Capacitor_SMD:C_0603_1608Metric,False,E edge 29-42,CC0603JRNPO9BN331
C181,330p,Capacitor_SMD:C_0603_1608Metric,False,E edge 29-53,CC0603JRNPO9BN331
C182,330p,Capacitor_SMD:C_0603_1608Metric,False,E edge 30-36,CC0603JRNPO9BN331
C183,330p,Capacitor_SMD:C_0603_1608Metric,False,E edge 30-42,CC0603JRNPO9BN331
C184,330p,Capacitor_SMD:C_0603_1608Metric,False,E edge 30-54,CC0603JRNPO9BN331
C185,330p,Capacitor_SMD:C_0603_1608Metric,False,E edge 31-44,CC0603JRNPO9BN331
C186,330p,Capacitor_SMD:C_0603_1608Metric,False,E edge 31-45,CC0603JRNPO9BN331
C187,330p,Capacitor_SMD:C_0603_1608Metric,False,E edge 31-55,CC0603JRNPO9BN331
C188,330p,Capacitor_SMD:C_0603_1608Metric,False,E edge 32-46,CC0603JRNPO9BN331
C189,330p,Capacitor_SMD:C_0603_1608Metric,False,E edge 32-47,CC0603JRNPO9BN331
C190,330p,Capacitor_SMD:C_0603_1608Metric,False,E edge 32-56,CC0603JRNPO9BN331
C191,330p,Capacitor_SMD:C_0603_1608Metric,False,E edge 33-48,CC0603JRNPO9BN331
C192,330p,Capacitor_SMD:C_0603_1608Metric,False,E edge 33-49,CC0603JRNPO9BN331
C193,330p,Capacitor_SMD:C_0603_1608Metric,False,E edge 33-57,CC0603JRNPO9BN331
C194,330p,Capacitor_SMD:C_0603_1608Metric,False,E edge 34-50,CC0603JRNPO9BN331
C195,330p,Capacitor_SMD:C_0603_1608Metric,False,E edge 34-51,CC0603JRNPO9BN331
C196,330p,Capacitor_SMD:C_0603_1608Metric,False,E edge 34-58,CC0603JRNPO9BN331
C197,330p,Capacitor_SMD:C_0603_1608Metric,False,E edge 35-52,CC0603JRNPO9BN331
C198,330p,Capacitor_SMD:C_0603_1608Metric,False,E edge 35-53,CC0603JRNPO9BN331
C199,330p,Capacitor_SMD:C_0603_1608Metric,False,E edge 35-59,CC0603JRNPO9BN331
C200,330p,Capacitor_SMD:C_0603_1608Metric,False,E edge 36-43,CC0603JRNPO9BN331
C201,330p,Capacitor_SMD:C_0603_1608Metric,False,E edge 36-54,CC0603JRNPO9BN331
C202,330p,Capacitor_SMD:C_0603_1608Metric,False,E edge 36-60,CC0603JRNPO9BN331
C203,330p,Capacitor_SMD:C_0603_1608Metric,False,E edge 37-43,CC0603JRNPO9BN331
C204,330p,Capacitor_SMD:C_0603_1608Metric,False,E edge 37-44,CC0603JRNPO9BN331
C205,330p,Capacitor_SMD:C_0603_1608Metric,False,E edge 37-61,CC0603JRNPO9BN331
C206,330p,Capacitor_SMD:C_0603_1608Metric,False,E edge 37-62,CC0603JRNPO9BN331
C207,330p,Capacitor_SMD:C_0603_1608Metric,False,E edge 38-45,CC0603JRNPO9BN331
C208,330p,Capacitor_SMD:C_0603_1608Metric,False,E edge 38-46 defect D4: replace 165p/open or parallel 330p,CC0603JRNPO9BN331
C209,330p,Capacitor_SMD:C_0603_1608Metric,True,E edge 38-46 defect D4: replace 165p/open or parallel 330p parallel,CC0603JRNPO9BN331
C210,330p,Capacitor_SMD:C_0603_1608Metric,False,E edge 38-63,CC0603JRNPO9BN331
C211,330p,Capacitor_SMD:C_0603_1608Metric,False,E edge 38-64,CC0603JRNPO9BN331
C212,330p,Capacitor_SMD:C_0603_1608Metric,False,E edge 39-47,CC0603JRNPO9BN331
C213,330p,Capacitor_SMD:C_0603_1608Metric,False,E edge 39-48,CC0603JRNPO9BN331
C214,330p,Capacitor_SMD:C_0603_1608Metric,False,E edge 39-65,CC0603JRNPO9BN331
C215,330p,Capacitor_SMD:C_0603_1608Metric,False,E edge 39-66,CC0603JRNPO9BN331
C216,330p,Capacitor_SMD:C_0603_1608Metric,False,E edge 40-49,CC0603JRNPO9BN331
C217,330p,Capacitor_SMD:C_0603_1608Metric,False,E edge 40-50,CC0603JRNPO9BN331
C218,330p,Capacitor_SMD:C_0603_1608Metric,False,E edge 40-67,CC0603JRNPO9BN331
C219,330p,Capacitor_SMD:C_0603_1608Metric,False,E edge 40-68,CC0603JRNPO9BN331
C220,330p,Capacitor_SMD:C_0603_1608Metric,False,E edge 41-51,CC0603JRNPO9BN331
C221,330p,Capacitor_SMD:C_0603_1608Metric,False,E edge 41-52,CC0603JRNPO9BN331
C222,330p,Capacitor_SMD:C_0603_1608Metric,False,E edge 41-69,CC0603JRNPO9BN331
C223,330p,Capacitor_SMD:C_0603_1608Metric,False,E edge 41-70,CC0603JRNPO9BN331
C224,330p,Capacitor_SMD:C_0603_1608Metric,False,E edge 42-53,CC0603JRNPO9BN331
C225,330p,Capacitor_SMD:C_0603_1608Metric,False,E edge 42-54,CC0603JRNPO9BN331
C226,330p,Capacitor_SMD:C_0603_1608Metric,False,E edge 42-71,CC0603JRNPO9BN331
C227,330p,Capacitor_SMD:C_0603_1608Metric,False,E edge 42-72,CC0603JRNPO9BN331
C228,330p,Capacitor_SMD:C_0603_1608Metric,False,E edge 43-60,CC0603JRNPO9BN331
C229,330p,Capacitor_SMD:C_0603_1608Metric,False,E edge 43-61,CC0603JRNPO9BN331
C230,330p,Capacitor_SMD:C_0603_1608Metric,False,E edge 43-73,CC0603JRNPO9BN331
C231,330p,Capacitor_SMD:C_0603_1608Metric,False,E edge 44-55,CC0603JRNPO9BN331
C232,330p,Capacitor_SMD:C_0603_1608Metric,False,E edge 44-62,CC0603JRNPO9BN331
C233,330p,Capacitor_SMD:C_0603_1608Metric,False,E edge 44-74,CC0603JRNPO9BN331
C234,330p,Capacitor_SMD:C_0603_1608Metric,False,E edge 45-55,CC0603JRNPO9BN331
C235,330p,Capacitor_SMD:C_0603_1608Metric,False,E edge 45-63,CC0603JRNPO9BN331
C236,330p,Capacitor_SMD:C_0603_1608Metric,False,E edge 45-75,CC0603JRNPO9BN331
C237,330p,Capacitor_SMD:C_0603_1608Metric,False,E edge 46-56,CC0603JRNPO9BN331
C238,330p,Capacitor_SMD:C_0603_1608Metric,False,E edge 46-64,CC0603JRNPO9BN331
C239,330p,Capacitor_SMD:C_0603_1608Metric,False,E edge 46-76,CC0603JRNPO9BN331
C240,330p,Capacitor_SMD:C_0603_1608Metric,False,E edge 47-56,CC0603JRNPO9BN331
C241,330p,Capacitor_SMD:C_0603_1608Metric,False,E edge 47-65,CC0603JRNPO9BN331
C242,330p,Capacitor_SMD:C_0603_1608Metric,False,E edge 47-77,CC0603JRNPO9BN331
C243,330p,Capacitor_SMD:C_0603_1608Metric,False,E edge 48-57,CC0603JRNPO9BN331
C244,330p,Capacitor_SMD:C_0603_1608Metric,False,E edge 48-66,CC0603JRNPO9BN331
C245,330p,Capacitor_SMD:C_0603_1608Metric,False,E edge 48-78,CC0603JRNPO9BN331
C246,330p,Capacitor_SMD:C_0603_1608Metric,False,E edge 49-57,CC0603JRNPO9BN331
C247,330p,Capacitor_SMD:C_0603_1608Metric,False,E edge 49-67,CC0603JRNPO9BN331
C248,330p,Capacitor_SMD:C_0603_1608Metric,False,E edge 49-79,CC0603JRNPO9BN331
C249,330p,Capacitor_SMD:C_0603_1608Metric,False,E edge 50-58,CC0603JRNPO9BN331
C250,330p,Capacitor_SMD:C_0603_1608Metric,False,E edge 50-68,CC0603JRNPO9BN331
C251,330p,Capacitor_SMD:C_0603_1608Metric,False,E edge 50-80,CC0603JRNPO9BN331
C252,330p,Capacitor_SMD:C_0603_1608Metric,False,E edge 51-58,CC0603JRNPO9BN331
C253,330p,Capacitor_SMD:C_0603_1608Metric,False,E edge 51-69,CC0603JRNPO9BN331
C254,330p,Capacitor_SMD:C_0603_1608Metric,False,E edge 51-81,CC0603JRNPO9BN331
C255,330p,Capacitor_SMD:C_0603_1608Metric,False,E edge 52-59,CC0603JRNPO9BN331
C256,330p,Capacitor_SMD:C_0603_1608Metric,False,E edge 52-70,CC0603JRNPO9BN331
C257,330p,Capacitor_SMD:C_0603_1608Metric,False,E edge 52-82,CC0603JRNPO9BN331
C258,330p,Capacitor_SMD:C_0603_1608Metric,False,E edge 53-59,CC0603JRNPO9BN331
C259,330p,Capacitor_SMD:C_0603_1608Metric,False,E edge 53-71,CC0603JRNPO9BN331
C260,330p,Capacitor_SMD:C_0603_1608Metric,False,E edge 53-83,CC0603JRNPO9BN331
C261,330p,Capacitor_SMD:C_0603_1608Metric,False,E edge 54-60,CC0603JRNPO9BN331
C262,330p,Capacitor_SMD:C_0603_1608Metric,False,E edge 54-72,CC0603JRNPO9BN331
C263,330p,Capacitor_SMD:C_0603_1608Metric,False,E edge 54-84,CC0603JRNPO9BN331
C264,330p,Capacitor_SMD:C_0603_1608Metric,False,E edge 55-74,CC0603JRNPO9BN331
C265,330p,Capacitor_SMD:C_0603_1608Metric,False,E edge 55-75,CC0603JRNPO9BN331
C266,330p,Capacitor_SMD:C_0603_1608Metric,False,E edge 56-76,CC0603JRNPO9BN331
C267,330p,Capacitor_SMD:C_0603_1608Metric,False,E edge 56-77,CC0603JRNPO9BN331
C268,330p,Capacitor_SMD:C_0603_1608Metric,False,E edge 57-78,CC0603JRNPO9BN331
C269,330p,Capacitor_SMD:C_0603_1608Metric,False,E edge 57-79,CC0603JRNPO9BN331
C270,330p,Capacitor_SMD:C_0603_1608Metric,False,E edge 58-80,CC0603JRNPO9BN331
C271,330p,Capacitor_SMD:C_0603_1608Metric,False,E edge 58-81 defect D5: replace 165p/open or parallel 330p,CC0603JRNPO9BN331
C272,330p,Capacitor_SMD:C_0603_1608Metric,True,E edge 58-81 defect D5: replace 165p/open or parallel 330p parallel,CC0603JRNPO9BN331
C273,330p,Capacitor_SMD:C_0603_1608Metric,False,E edge 59-82,CC0603JRNPO9BN331
C274,330p,Capacitor_SMD:C_0603_1608Metric,False,E edge 59-83,CC0603JRNPO9BN331
C275,330p,Capacitor_SMD:C_0603_1608Metric,False,E edge 60-73,CC0603JRNPO9BN331
C276,330p,Capacitor_SMD:C_0603_1608Metric,False,E edge 60-84,CC0603JRNPO9BN331
C277,330p,Capacitor_SMD:C_0603_1608Metric,False,E edge 61-62,CC0603JRNPO9BN331
C278,330p,Capacitor_SMD:C_0603_1608Metric,False,E edge 61-73,CC0603JRNPO9BN331
C279,330p,Capacitor_SMD:C_0603_1608Metric,False,E edge 62-74,CC0603JRNPO9BN331
C280,330p,Capacitor_SMD:C_0603_1608Metric,False,E edge 63-64,CC0603JRNPO9BN331
C281,330p,Capacitor_SMD:C_0603_1608Metric,False,E edge 63-75,CC0603JRNPO9BN331
C282,330p,Capacitor_SMD:C_0603_1608Metric,False,E edge 64-76,CC0603JRNPO9BN331
C283,330p,Capacitor_SMD:C_0603_1608Metric,False,E edge 65-66,CC0603JRNPO9BN331
C284,330p,Capacitor_SMD:C_0603_1608Metric,False,E edge 65-77,CC0603JRNPO9BN331
C285,330p,Capacitor_SMD:C_0603_1608Metric,False,E edge 66-78,CC0603JRNPO9BN331
C286,330p,Capacitor_SMD:C_0603_1608Metric,False,E edge 67-68,CC0603JRNPO9BN331
C287,330p,Capacitor_SMD:C_0603_1608Metric,False,E edge 67-79,CC0603JRNPO9BN331
C288,330p,Capacitor_SMD:C_0603_1608Metric,False,E edge 68-80,CC0603JRNPO9BN331
C289,330p,Capacitor_SMD:C_0603_1608Metric,False,E edge 69-70,CC0603JRNPO9BN331
C290,330p,Capacitor_SMD:C_0603_1608Metric,False,E edge 69-81,CC0603JRNPO9BN331
C291,330p,Capacitor_SMD:C_0603_1608Metric,False,E edge 70-82,CC0603JRNPO9BN331
C292,330p,Capacitor_SMD:C_0603_1608Metric,False,E edge 71-72,CC0603JRNPO9BN331
C293,330p,Capacitor_SMD:C_0603_1608Metric,False,E edge 71-83,CC0603JRNPO9BN331
C294,330p,Capacitor_SMD:C_0603_1608Metric,False,E edge 72-84,CC0603JRNPO9BN331
J1,SOURCE,Connector_PinHeader_2.54mm:PinHeader_1x02_P2.54mm_Vertical,False,,generic; see design plan
R1,1k,Resistor_SMD:R_0603_1608Metric,False,"injection/sense 1%, low parasitic",generic; see design plan
L86,1u,Inductor_SMD:L_0805_2012Metric,False,H00 inductor; Abracon AIML-0805-1R0K-T 10% Q>=45 at 10MHz,AIML-0805-1R0K-T
L87,1u,Inductor_SMD:L_0805_2012Metric,False,H01 inductor; Abracon AIML-0805-1R0K-T 10% Q>=45 at 10MHz,AIML-0805-1R0K-T
L88,1u,Inductor_SMD:L_0805_2012Metric,False,H02 inductor; Abracon AIML-0805-1R0K-T 10% Q>=45 at 10MHz,AIML-0805-1R0K-T
L89,1u,Inductor_SMD:L_0805_2012Metric,False,H03 inductor; Abracon AIML-0805-1R0K-T 10% Q>=45 at 10MHz,AIML-0805-1R0K-T
L90,1u,Inductor_SMD:L_0805_2012Metric,False,H04 inductor; Abracon AIML-0805-1R0K-T 10% Q>=45 at 10MHz,AIML-0805-1R0K-T
L91,1u,Inductor_SMD:L_0805_2012Metric,False,H05 inductor; Abracon AIML-0805-1R0K-T 10% Q>=45 at 10MHz,AIML-0805-1R0K-T
L92,1u,Inductor_SMD:L_0805_2012Metric,False,H06 inductor; Abracon AIML-0805-1R0K-T 10% Q>=45 at 10MHz,AIML-0805-1R0K-T
L93,1u,Inductor_SMD:L_0805_2012Metric,False,H07 inductor; Abracon AIML-0805-1R0K-T 10% Q>=45 at 10MHz,AIML-0805-1R0K-T
L94,1u,Inductor_SMD:L_0805_2012Metric,False,H08 inductor; Abracon AIML-0805-1R0K-T 10% Q>=45 at 10MHz,AIML-0805-1R0K-T
L95,1u,Inductor_SMD:L_0805_2012Metric,False,H09 inductor; Abracon AIML-0805-1R0K-T 10% Q>=45 at 10MHz,AIML-0805-1R0K-T
L96,1u,Inductor_SMD:L_0805_2012Metric,False,H10 inductor; Abracon AIML-0805-1R0K-T 10% Q>=45 at 10MHz,AIML-0805-1R0K-T
L97,1u,Inductor_SMD:L_0805_2012Metric,False,H11 inductor; Abracon AIML-0805-1R0K-T 10% Q>=45 at 10MHz,AIML-0805-1R0K-T
L98,1u,Inductor_SMD:L_0805_2012Metric,False,H12 inductor; Abracon AIML-0805-1R0K-T 10% Q>=45 at 10MHz,AIML-0805-1R0K-T
L99,1u,Inductor_SMD:L_0805_2012Metric,False,H13 inductor; Abracon AIML-0805-1R0K-T 10% Q>=45 at 10MHz,AIML-0805-1R0K-T
L100,1u,Inductor_SMD:L_0805_2012Metric,False,H14 inductor; Abracon AIML-0805-1R0K-T 10% Q>=45 at 10MHz,AIML-0805-1R0K-T
L101,1u,Inductor_SMD:L_0805_2012Metric,False,H15 inductor; Abracon AIML-0805-1R0K-T 10% Q>=45 at 10MHz,AIML-0805-1R0K-T
L102,1u,Inductor_SMD:L_0805_2012Metric,False,H16 inductor; Abracon AIML-0805-1R0K-T 10% Q>=45 at 10MHz,AIML-0805-1R0K-T
L103,1u,Inductor_SMD:L_0805_2012Metric,False,H17 inductor; Abracon AIML-0805-1R0K-T 10% Q>=45 at 10MHz,AIML-0805-1R0K-T
L104,1u,Inductor_SMD:L_0805_2012Metric,False,H18 inductor; Abracon AIML-0805-1R0K-T 10% Q>=45 at 10MHz,AIML-0805-1R0K-T
L105,1u,Inductor_SMD:L_0805_2012Metric,False,H19 inductor; Abracon AIML-0805-1R0K-T 10% Q>=45 at 10MHz,AIML-0805-1R0K-T
L106,1u,Inductor_SMD:L_0805_2012Metric,False,H20 inductor; Abracon AIML-0805-1R0K-T 10% Q>=45 at 10MHz,AIML-0805-1R0K-T
L107,1u,Inductor_SMD:L_0805_2012Metric,False,H21 inductor; Abracon AIML-0805-1R0K-T 10% Q>=45 at 10MHz,AIML-0805-1R0K-T
L108,1u,Inductor_SMD:L_0805_2012Metric,False,H22 inductor; Abracon AIML-0805-1R0K-T 10% Q>=45 at 10MHz,AIML-0805-1R0K-T
L109,1u,Inductor_SMD:L_0805_2012Metric,False,H23 inductor; Abracon AIML-0805-1R0K-T 10% Q>=45 at 10MHz,AIML-0805-1R0K-T
L110,1u,Inductor_SMD:L_0805_2012Metric,False,H24 inductor; Abracon AIML-0805-1R0K-T 10% Q>=45 at 10MHz,AIML-0805-1R0K-T
L111,1u,Inductor_SMD:L_0805_2012Metric,False,H25 inductor; Abracon AIML-0805-1R0K-T 10% Q>=45 at 10MHz,AIML-0805-1R0K-T
L112,1u,Inductor_SMD:L_0805_2012Metric,False,H26 inductor; Abracon AIML-0805-1R0K-T 10% Q>=45 at 10MHz,AIML-0805-1R0K-T
L113,1u,Inductor_SMD:L_0805_2012Metric,False,H27 inductor; Abracon AIML-0805-1R0K-T 10% Q>=45 at 10MHz,AIML-0805-1R0K-T
L114,1u,Inductor_SMD:L_0805_2012Metric,False,H28 inductor; Abracon AIML-0805-1R0K-T 10% Q>=45 at 10MHz,AIML-0805-1R0K-T
L115,1u,Inductor_SMD:L_0805_2012Metric,False,H29 inductor; Abracon AIML-0805-1R0K-T 10% Q>=45 at 10MHz,AIML-0805-1R0K-T
C295,330p,Capacitor_SMD:C_0603_1608Metric,False,H29 boundary coupling 1/3,CC0603JRNPO9BN331
C296,330p,Capacitor_SMD:C_0603_1608Metric,False,H29 boundary coupling 2/3,CC0603JRNPO9BN331
C297,330p,Capacitor_SMD:C_0603_1608Metric,False,H29 boundary coupling 3/3,CC0603JRNPO9BN331
L116,1u,Inductor_SMD:L_0805_2012Metric,False,H30 inductor; Abracon AIML-0805-1R0K-T 10% Q>=45 at 10MHz,AIML-0805-1R0K-T
C298,330p,Capacitor_SMD:C_0603_1608Metric,False,H30 boundary coupling 1/3,CC0603JRNPO9BN331
C299,330p,Capacitor_SMD:C_0603_1608Metric,False,H30 boundary coupling 2/3,CC0603JRNPO9BN331
C300,330p,Capacitor_SMD:C_0603_1608Metric,False,H30 boundary coupling 3/3,CC0603JRNPO9BN331
L117,1u,Inductor_SMD:L_0805_2012Metric,False,H31 inductor; Abracon AIML-0805-1R0K-T 10% Q>=45 at 10MHz,AIML-0805-1R0K-T
C301,330p,Capacitor_SMD:C_0603_1608Metric,False,H31 boundary coupling 1/3,CC0603JRNPO9BN331
C302,330p,Capacitor_SMD:C_0603_1608Metric,False,H31 boundary coupling 2/3,CC0603JRNPO9BN331
C303,330p,Capacitor_SMD:C_0603_1608Metric,False,H31 boundary coupling 3/3,CC0603JRNPO9BN331
L118,1u,Inductor_SMD:L_0805_2012Metric,False,H32 inductor; Abracon AIML-0805-1R0K-T 10% Q>=45 at 10MHz,AIML-0805-1R0K-T
C304,330p,Capacitor_SMD:C_0603_1608Metric,False,H32 boundary coupling 1/3,CC0603JRNPO9BN331
C305,330p,Capacitor_SMD:C_0603_1608Metric,False,H32 boundary coupling 2/3,CC0603JRNPO9BN331
C306,330p,Capacitor_SMD:C_0603_1608Metric,False,H32 boundary coupling 3/3,CC0603JRNPO9BN331
L119,1u,Inductor_SMD:L_0805_2012Metric,False,H33 inductor; Abracon AIML-0805-1R0K-T 10% Q>=45 at 10MHz,AIML-0805-1R0K-T
C307,330p,Capacitor_SMD:C_0603_1608Metric,False,H33 boundary coupling 1/3,CC0603JRNPO9BN331
C308,330p,Capacitor_SMD:C_0603_1608Metric,False,H33 boundary coupling 2/3,CC0603JRNPO9BN331
C309,330p,Capacitor_SMD:C_0603_1608Metric,False,H33 boundary coupling 3/3,CC0603JRNPO9BN331
L120,1u,Inductor_SMD:L_0805_2012Metric,False,H34 inductor; Abracon AIML-0805-1R0K-T 10% Q>=45 at 10MHz,AIML-0805-1R0K-T
C310,330p,Capacitor_SMD:C_0603_1608Metric,False,H34 boundary coupling 1/3,CC0603JRNPO9BN331
C311,330p,Capacitor_SMD:C_0603_1608Metric,False,H34 boundary coupling 2/3,CC0603JRNPO9BN331
C312,330p,Capacitor_SMD:C_0603_1608Metric,False,H34 boundary coupling 3/3,CC0603JRNPO9BN331
L121,1u,Inductor_SMD:L_0805_2012Metric,False,H35 inductor; Abracon AIML-0805-1R0K-T 10% Q>=45 at 10MHz,AIML-0805-1R0K-T
C313,330p,Capacitor_SMD:C_0603_1608Metric,False,H35 boundary coupling 1/3,CC0603JRNPO9BN331
C314,330p,Capacitor_SMD:C_0603_1608Metric,False,H35 boundary coupling 2/3,CC0603JRNPO9BN331
C315,330p,Capacitor_SMD:C_0603_1608Metric,False,H35 boundary coupling 3/3,CC0603JRNPO9BN331
L122,1u,Inductor_SMD:L_0805_2012Metric,False,H36 inductor; Abracon AIML-0805-1R0K-T 10% Q>=45 at 10MHz,AIML-0805-1R0K-T
C316,330p,Capacitor_SMD:C_0603_1608Metric,False,H36 boundary coupling 1/3,CC0603JRNPO9BN331
C317,330p,Capacitor_SMD:C_0603_1608Metric,False,H36 boundary coupling 2/3,CC0603JRNPO9BN331
C318,330p,Capacitor_SMD:C_0603_1608Metric,False,H36 boundary coupling 3/3,CC0603JRNPO9BN331
L123,1u,Inductor_SMD:L_0805_2012Metric,False,H37 inductor; Abracon AIML-0805-1R0K-T 10% Q>=45 at 10MHz,AIML-0805-1R0K-T
C319,330p,Capacitor_SMD:C_0603_1608Metric,False,H37 boundary coupling 1/3,CC0603JRNPO9BN331
C320,330p,Capacitor_SMD:C_0603_1608Metric,False,H37 boundary coupling 2/3,CC0603JRNPO9BN331
C321,330p,Capacitor_SMD:C_0603_1608Metric,False,H37 boundary coupling 3/3,CC0603JRNPO9BN331
L124,1u,Inductor_SMD:L_0805_2012Metric,False,H38 inductor; Abracon AIML-0805-1R0K-T 10% Q>=45 at 10MHz,AIML-0805-1R0K-T
C322,330p,Capacitor_SMD:C_0603_1608Metric,False,H38 boundary coupling 1/3,CC0603JRNPO9BN331
C323,330p,Capacitor_SMD:C_0603_1608Metric,False,H38 boundary coupling 2/3,CC0603JRNPO9BN331
C324,330p,Capacitor_SMD:C_0603_1608Metric,False,H38 boundary coupling 3/3,CC0603JRNPO9BN331
L125,1u,Inductor_SMD:L_0805_2012Metric,False,H39 inductor; Abracon AIML-0805-1R0K-T 10% Q>=45 at 10MHz,AIML-0805-1R0K-T
C325,330p,Capacitor_SMD:C_0603_1608Metric,False,H39 boundary coupling 1/3,CC0603JRNPO9BN331
C326,330p,Capacitor_SMD:C_0603_1608Metric,False,H39 boundary coupling 2/3,CC0603JRNPO9BN331
C327,330p,Capacitor_SMD:C_0603_1608Metric,False,H39 boundary coupling 3/3,CC0603JRNPO9BN331
L126,1u,Inductor_SMD:L_0805_2012Metric,False,H40 inductor; Abracon AIML-0805-1R0K-T 10% Q>=45 at 10MHz,AIML-0805-1R0K-T
C328,330p,Capacitor_SMD:C_0603_1608Metric,False,H40 boundary coupling 1/3,CC0603JRNPO9BN331
C329,330p,Capacitor_SMD:C_0603_1608Metric,False,H40 boundary coupling 2/3,CC0603JRNPO9BN331
C330,330p,Capacitor_SMD:C_0603_1608Metric,False,H40 boundary coupling 3/3,CC0603JRNPO9BN331
L127,1u,Inductor_SMD:L_0805_2012Metric,False,H41 inductor; Abracon AIML-0805-1R0K-T 10% Q>=45 at 10MHz,AIML-0805-1R0K-T
C331,330p,Capacitor_SMD:C_0603_1608Metric,False,H41 boundary coupling 1/3,CC0603JRNPO9BN331
C332,330p,Capacitor_SMD:C_0603_1608Metric,False,H41 boundary coupling 2/3,CC0603JRNPO9BN331
C333,330p,Capacitor_SMD:C_0603_1608Metric,False,H41 boundary coupling 3/3,CC0603JRNPO9BN331
L128,1u,Inductor_SMD:L_0805_2012Metric,False,H42 inductor; Abracon AIML-0805-1R0K-T 10% Q>=45 at 10MHz,AIML-0805-1R0K-T
C334,330p,Capacitor_SMD:C_0603_1608Metric,False,H42 boundary coupling 1/3,CC0603JRNPO9BN331
C335,330p,Capacitor_SMD:C_0603_1608Metric,False,H42 boundary coupling 2/3,CC0603JRNPO9BN331
C336,330p,Capacitor_SMD:C_0603_1608Metric,False,H42 boundary coupling 3/3,CC0603JRNPO9BN331
L129,1u,Inductor_SMD:L_0805_2012Metric,False,H43 inductor; Abracon AIML-0805-1R0K-T 10% Q>=45 at 10MHz,AIML-0805-1R0K-T
C337,330p,Capacitor_SMD:C_0603_1608Metric,False,H43 boundary coupling 1/3,CC0603JRNPO9BN331
C338,330p,Capacitor_SMD:C_0603_1608Metric,False,H43 boundary coupling 2/3,CC0603JRNPO9BN331
C339,330p,Capacitor_SMD:C_0603_1608Metric,False,H43 boundary coupling 3/3,CC0603JRNPO9BN331
L130,1u,Inductor_SMD:L_0805_2012Metric,False,H44 inductor; Abracon AIML-0805-1R0K-T 10% Q>=45 at 10MHz,AIML-0805-1R0K-T
C340,330p,Capacitor_SMD:C_0603_1608Metric,False,H44 boundary coupling 1/4,CC0603JRNPO9BN331
C341,330p,Capacitor_SMD:C_0603_1608Metric,False,H44 boundary coupling 2/4,CC0603JRNPO9BN331
C342,330p,Capacitor_SMD:C_0603_1608Metric,False,H44 boundary coupling 3/4,CC0603JRNPO9BN331
C343,330p,Capacitor_SMD:C_0603_1608Metric,False,H44 boundary coupling 4/4,CC0603JRNPO9BN331
L131,1u,Inductor_SMD:L_0805_2012Metric,False,H45 inductor; Abracon AIML-0805-1R0K-T 10% Q>=45 at 10MHz,AIML-0805-1R0K-T
C344,330p,Capacitor_SMD:C_0603_1608Metric,False,H45 boundary coupling 1/3,CC0603JRNPO9BN331
C345,330p,Capacitor_SMD:C_0603_1608Metric,False,H45 boundary coupling 2/3,CC0603JRNPO9BN331
C346,330p,Capacitor_SMD:C_0603_1608Metric,False,H45 boundary coupling 3/3,CC0603JRNPO9BN331
L132,1u,Inductor_SMD:L_0805_2012Metric,False,H46 inductor; Abracon AIML-0805-1R0K-T 10% Q>=45 at 10MHz,AIML-0805-1R0K-T
C347,330p,Capacitor_SMD:C_0603_1608Metric,False,H46 boundary coupling 1/4,CC0603JRNPO9BN331
C348,330p,Capacitor_SMD:C_0603_1608Metric,False,H46 boundary coupling 2/4,CC0603JRNPO9BN331
C349,330p,Capacitor_SMD:C_0603_1608Metric,False,H46 boundary coupling 3/4,CC0603JRNPO9BN331
C350,330p,Capacitor_SMD:C_0603_1608Metric,False,H46 boundary coupling 4/4,CC0603JRNPO9BN331
L133,1u,Inductor_SMD:L_0805_2012Metric,False,H47 inductor; Abracon AIML-0805-1R0K-T 10% Q>=45 at 10MHz,AIML-0805-1R0K-T
C351,330p,Capacitor_SMD:C_0603_1608Metric,False,H47 boundary coupling 1/3,CC0603JRNPO9BN331
C352,330p,Capacitor_SMD:C_0603_1608Metric,False,H47 boundary coupling 2/3,CC0603JRNPO9BN331
C353,330p,Capacitor_SMD:C_0603_1608Metric,False,H47 boundary coupling 3/3,CC0603JRNPO9BN331
L134,1u,Inductor_SMD:L_0805_2012Metric,False,H48 inductor; Abracon AIML-0805-1R0K-T 10% Q>=45 at 10MHz,AIML-0805-1R0K-T
C354,330p,Capacitor_SMD:C_0603_1608Metric,False,H48 boundary coupling 1/4,CC0603JRNPO9BN331
C355,330p,Capacitor_SMD:C_0603_1608Metric,False,H48 boundary coupling 2/4,CC0603JRNPO9BN331
C356,330p,Capacitor_SMD:C_0603_1608Metric,False,H48 boundary coupling 3/4,CC0603JRNPO9BN331
C357,330p,Capacitor_SMD:C_0603_1608Metric,False,H48 boundary coupling 4/4,CC0603JRNPO9BN331
L135,1u,Inductor_SMD:L_0805_2012Metric,False,H49 inductor; Abracon AIML-0805-1R0K-T 10% Q>=45 at 10MHz,AIML-0805-1R0K-T
C358,330p,Capacitor_SMD:C_0603_1608Metric,False,H49 boundary coupling 1/3,CC0603JRNPO9BN331
C359,330p,Capacitor_SMD:C_0603_1608Metric,False,H49 boundary coupling 2/3,CC0603JRNPO9BN331
C360,330p,Capacitor_SMD:C_0603_1608Metric,False,H49 boundary coupling 3/3,CC0603JRNPO9BN331
L136,1u,Inductor_SMD:L_0805_2012Metric,False,H50 inductor; Abracon AIML-0805-1R0K-T 10% Q>=45 at 10MHz,AIML-0805-1R0K-T
C361,330p,Capacitor_SMD:C_0603_1608Metric,False,H50 boundary coupling 1/4,CC0603JRNPO9BN331
C362,330p,Capacitor_SMD:C_0603_1608Metric,False,H50 boundary coupling 2/4,CC0603JRNPO9BN331
C363,330p,Capacitor_SMD:C_0603_1608Metric,False,H50 boundary coupling 3/4,CC0603JRNPO9BN331
C364,330p,Capacitor_SMD:C_0603_1608Metric,False,H50 boundary coupling 4/4,CC0603JRNPO9BN331
L137,1u,Inductor_SMD:L_0805_2012Metric,False,H51 inductor; Abracon AIML-0805-1R0K-T 10% Q>=45 at 10MHz,AIML-0805-1R0K-T
C365,330p,Capacitor_SMD:C_0603_1608Metric,False,H51 boundary coupling 1/3,CC0603JRNPO9BN331
C366,330p,Capacitor_SMD:C_0603_1608Metric,False,H51 boundary coupling 2/3,CC0603JRNPO9BN331
C367,330p,Capacitor_SMD:C_0603_1608Metric,False,H51 boundary coupling 3/3,CC0603JRNPO9BN331
L138,1u,Inductor_SMD:L_0805_2012Metric,False,H52 inductor; Abracon AIML-0805-1R0K-T 10% Q>=45 at 10MHz,AIML-0805-1R0K-T
C368,330p,Capacitor_SMD:C_0603_1608Metric,False,H52 boundary coupling 1/4,CC0603JRNPO9BN331
C369,330p,Capacitor_SMD:C_0603_1608Metric,False,H52 boundary coupling 2/4,CC0603JRNPO9BN331
C370,330p,Capacitor_SMD:C_0603_1608Metric,False,H52 boundary coupling 3/4,CC0603JRNPO9BN331
C371,330p,Capacitor_SMD:C_0603_1608Metric,False,H52 boundary coupling 4/4,CC0603JRNPO9BN331
L139,1u,Inductor_SMD:L_0805_2012Metric,False,H53 inductor; Abracon AIML-0805-1R0K-T 10% Q>=45 at 10MHz,AIML-0805-1R0K-T
C372,330p,Capacitor_SMD:C_0603_1608Metric,False,H53 boundary coupling 1/3,CC0603JRNPO9BN331
C373,330p,Capacitor_SMD:C_0603_1608Metric,False,H53 boundary coupling 2/3,CC0603JRNPO9BN331
C374,330p,Capacitor_SMD:C_0603_1608Metric,False,H53 boundary coupling 3/3,CC0603JRNPO9BN331
L140,1u,Inductor_SMD:L_0805_2012Metric,False,H54 inductor; Abracon AIML-0805-1R0K-T 10% Q>=45 at 10MHz,AIML-0805-1R0K-T
C375,330p,Capacitor_SMD:C_0603_1608Metric,False,H54 boundary coupling 1/4,CC0603JRNPO9BN331
C376,330p,Capacitor_SMD:C_0603_1608Metric,False,H54 boundary coupling 2/4,CC0603JRNPO9BN331
C377,330p,Capacitor_SMD:C_0603_1608Metric,False,H54 boundary coupling 3/4,CC0603JRNPO9BN331
C378,330p,Capacitor_SMD:C_0603_1608Metric,False,H54 boundary coupling 4/4,CC0603JRNPO9BN331
L141,1u,Inductor_SMD:L_0805_2012Metric,False,H55 inductor; Abracon AIML-0805-1R0K-T 10% Q>=45 at 10MHz,AIML-0805-1R0K-T
C379,330p,Capacitor_SMD:C_0603_1608Metric,False,H55 boundary coupling 1/3,CC0603JRNPO9BN331
C380,330p,Capacitor_SMD:C_0603_1608Metric,False,H55 boundary coupling 2/3,CC0603JRNPO9BN331
C381,330p,Capacitor_SMD:C_0603_1608Metric,False,H55 boundary coupling 3/3,CC0603JRNPO9BN331
L142,1u,Inductor_SMD:L_0805_2012Metric,False,H56 inductor; Abracon AIML-0805-1R0K-T 10% Q>=45 at 10MHz,AIML-0805-1R0K-T
C382,330p,Capacitor_SMD:C_0603_1608Metric,False,H56 boundary coupling 1/4,CC0603JRNPO9BN331
C383,330p,Capacitor_SMD:C_0603_1608Metric,False,H56 boundary coupling 2/4,CC0603JRNPO9BN331
C384,330p,Capacitor_SMD:C_0603_1608Metric,False,H56 boundary coupling 3/4,CC0603JRNPO9BN331
C385,330p,Capacitor_SMD:C_0603_1608Metric,False,H56 boundary coupling 4/4,CC0603JRNPO9BN331
L143,1u,Inductor_SMD:L_0805_2012Metric,False,H57 inductor; Abracon AIML-0805-1R0K-T 10% Q>=45 at 10MHz,AIML-0805-1R0K-T
C386,330p,Capacitor_SMD:C_0603_1608Metric,False,H57 boundary coupling 1/4,CC0603JRNPO9BN331
C387,330p,Capacitor_SMD:C_0603_1608Metric,False,H57 boundary coupling 2/4,CC0603JRNPO9BN331
C388,330p,Capacitor_SMD:C_0603_1608Metric,False,H57 boundary coupling 3/4,CC0603JRNPO9BN331
C389,330p,Capacitor_SMD:C_0603_1608Metric,False,H57 boundary coupling 4/4,CC0603JRNPO9BN331
L144,1u,Inductor_SMD:L_0805_2012Metric,False,H58 inductor; Abracon AIML-0805-1R0K-T 10% Q>=45 at 10MHz,AIML-0805-1R0K-T
C390,330p,Capacitor_SMD:C_0603_1608Metric,False,H58 boundary coupling 1/4,CC0603JRNPO9BN331
C391,330p,Capacitor_SMD:C_0603_1608Metric,False,H58 boundary coupling 2/4,CC0603JRNPO9BN331
C392,330p,Capacitor_SMD:C_0603_1608Metric,False,H58 boundary coupling 3/4,CC0603JRNPO9BN331
C393,330p,Capacitor_SMD:C_0603_1608Metric,False,H58 boundary coupling 4/4,CC0603JRNPO9BN331
L145,1u,Inductor_SMD:L_0805_2012Metric,False,H59 inductor; Abracon AIML-0805-1R0K-T 10% Q>=45 at 10MHz,AIML-0805-1R0K-T
C394,330p,Capacitor_SMD:C_0603_1608Metric,False,H59 boundary coupling 1/4,CC0603JRNPO9BN331
C395,330p,Capacitor_SMD:C_0603_1608Metric,False,H59 boundary coupling 2/4,CC0603JRNPO9BN331
C396,330p,Capacitor_SMD:C_0603_1608Metric,False,H59 boundary coupling 3/4,CC0603JRNPO9BN331
C397,330p,Capacitor_SMD:C_0603_1608Metric,False,H59 boundary coupling 4/4,CC0603JRNPO9BN331
L146,1u,Inductor_SMD:L_0805_2012Metric,False,H60 inductor; Abracon AIML-0805-1R0K-T 10% Q>=45 at 10MHz,AIML-0805-1R0K-T
C398,330p,Capacitor_SMD:C_0603_1608Metric,False,H60 boundary coupling 1/4,CC0603JRNPO9BN331
C399,330p,Capacitor_SMD:C_0603_1608Metric,False,H60 boundary coupling 2/4,CC0603JRNPO9BN331
C400,330p,Capacitor_SMD:C_0603_1608Metric,False,H60 boundary coupling 3/4,CC0603JRNPO9BN331
C401,330p,Capacitor_SMD:C_0603_1608Metric,False,H60 boundary coupling 4/4,CC0603JRNPO9BN331
L147,1u,Inductor_SMD:L_0805_2012Metric,False,H61 inductor; Abracon AIML-0805-1R0K-T 10% Q>=45 at 10MHz,AIML-0805-1R0K-T
C402,330p,Capacitor_SMD:C_0603_1608Metric,False,H61 boundary coupling 1/4,CC0603JRNPO9BN331
C403,330p,Capacitor_SMD:C_0603_1608Metric,False,H61 boundary coupling 2/4,CC0603JRNPO9BN331
C404,330p,Capacitor_SMD:C_0603_1608Metric,False,H61 boundary coupling 3/4,CC0603JRNPO9BN331
C405,330p,Capacitor_SMD:C_0603_1608Metric,False,H61 boundary coupling 4/4,CC0603JRNPO9BN331
L148,1u,Inductor_SMD:L_0805_2012Metric,False,H62 inductor; Abracon AIML-0805-1R0K-T 10% Q>=45 at 10MHz,AIML-0805-1R0K-T
C406,330p,Capacitor_SMD:C_0603_1608Metric,False,H62 boundary coupling 1/4,CC0603JRNPO9BN331
C407,330p,Capacitor_SMD:C_0603_1608Metric,False,H62 boundary coupling 2/4,CC0603JRNPO9BN331
C408,330p,Capacitor_SMD:C_0603_1608Metric,False,H62 boundary coupling 3/4,CC0603JRNPO9BN331
C409,330p,Capacitor_SMD:C_0603_1608Metric,False,H62 boundary coupling 4/4,CC0603JRNPO9BN331
L149,1u,Inductor_SMD:L_0805_2012Metric,False,H63 inductor; Abracon AIML-0805-1R0K-T 10% Q>=45 at 10MHz,AIML-0805-1R0K-T
C410,330p,Capacitor_SMD:C_0603_1608Metric,False,H63 boundary coupling 1/4,CC0603JRNPO9BN331
C411,330p,Capacitor_SMD:C_0603_1608Metric,False,H63 boundary coupling 2/4,CC0603JRNPO9BN331
C412,330p,Capacitor_SMD:C_0603_1608Metric,False,H63 boundary coupling 3/4,CC0603JRNPO9BN331
C413,330p,Capacitor_SMD:C_0603_1608Metric,False,H63 boundary coupling 4/4,CC0603JRNPO9BN331
L150,1u,Inductor_SMD:L_0805_2012Metric,False,H64 inductor; Abracon AIML-0805-1R0K-T 10% Q>=45 at 10MHz,AIML-0805-1R0K-T
C414,330p,Capacitor_SMD:C_0603_1608Metric,False,H64 boundary coupling 1/4,CC0603JRNPO9BN331
C415,330p,Capacitor_SMD:C_0603_1608Metric,False,H64 boundary coupling 2/4,CC0603JRNPO9BN331
C416,330p,Capacitor_SMD:C_0603_1608Metric,False,H64 boundary coupling 3/4,CC0603JRNPO9BN331
C417,330p,Capacitor_SMD:C_0603_1608Metric,False,H64 boundary coupling 4/4,CC0603JRNPO9BN331
L151,1u,Inductor_SMD:L_0805_2012Metric,False,H65 inductor; Abracon AIML-0805-1R0K-T 10% Q>=45 at 10MHz,AIML-0805-1R0K-T
C418,330p,Capacitor_SMD:C_0603_1608Metric,False,H65 boundary coupling 1/4,CC0603JRNPO9BN331
C419,330p,Capacitor_SMD:C_0603_1608Metric,False,H65 boundary coupling 2/4,CC0603JRNPO9BN331
C420,330p,Capacitor_SMD:C_0603_1608Metric,False,H65 boundary coupling 3/4,CC0603JRNPO9BN331
C421,330p,Capacitor_SMD:C_0603_1608Metric,False,H65 boundary coupling 4/4,CC0603JRNPO9BN331
L152,1u,Inductor_SMD:L_0805_2012Metric,False,H66 inductor; Abracon AIML-0805-1R0K-T 10% Q>=45 at 10MHz,AIML-0805-1R0K-T
C422,330p,Capacitor_SMD:C_0603_1608Metric,False,H66 boundary coupling 1/4,CC0603JRNPO9BN331
C423,330p,Capacitor_SMD:C_0603_1608Metric,False,H66 boundary coupling 2/4,CC0603JRNPO9BN331
C424,330p,Capacitor_SMD:C_0603_1608Metric,False,H66 boundary coupling 3/4,CC0603JRNPO9BN331
C425,330p,Capacitor_SMD:C_0603_1608Metric,False,H66 boundary coupling 4/4,CC0603JRNPO9BN331
L153,1u,Inductor_SMD:L_0805_2012Metric,False,H67 inductor; Abracon AIML-0805-1R0K-T 10% Q>=45 at 10MHz,AIML-0805-1R0K-T
C426,330p,Capacitor_SMD:C_0603_1608Metric,False,H67 boundary coupling 1/4,CC0603JRNPO9BN331
C427,330p,Capacitor_SMD:C_0603_1608Metric,False,H67 boundary coupling 2/4,CC0603JRNPO9BN331
C428,330p,Capacitor_SMD:C_0603_1608Metric,False,H67 boundary coupling 3/4,CC0603JRNPO9BN331
C429,330p,Capacitor_SMD:C_0603_1608Metric,False,H67 boundary coupling 4/4,CC0603JRNPO9BN331
L154,1u,Inductor_SMD:L_0805_2012Metric,False,H68 inductor; Abracon AIML-0805-1R0K-T 10% Q>=45 at 10MHz,AIML-0805-1R0K-T
C430,330p,Capacitor_SMD:C_0603_1608Metric,False,H68 boundary coupling 1/4,CC0603JRNPO9BN331
C431,330p,Capacitor_SMD:C_0603_1608Metric,False,H68 boundary coupling 2/4,CC0603JRNPO9BN331
C432,330p,Capacitor_SMD:C_0603_1608Metric,False,H68 boundary coupling 3/4,CC0603JRNPO9BN331
C433,330p,Capacitor_SMD:C_0603_1608Metric,False,H68 boundary coupling 4/4,CC0603JRNPO9BN331
L155,1u,Inductor_SMD:L_0805_2012Metric,False,H69 inductor; Abracon AIML-0805-1R0K-T 10% Q>=45 at 10MHz,AIML-0805-1R0K-T
C434,330p,Capacitor_SMD:C_0603_1608Metric,False,H69 boundary coupling 1/4,CC0603JRNPO9BN331
C435,330p,Capacitor_SMD:C_0603_1608Metric,False,H69 boundary coupling 2/4,CC0603JRNPO9BN331
C436,330p,Capacitor_SMD:C_0603_1608Metric,False,H69 boundary coupling 3/4,CC0603JRNPO9BN331
C437,330p,Capacitor_SMD:C_0603_1608Metric,False,H69 boundary coupling 4/4,CC0603JRNPO9BN331
L156,1u,Inductor_SMD:L_0805_2012Metric,False,H70 inductor; Abracon AIML-0805-1R0K-T 10% Q>=45 at 10MHz,AIML-0805-1R0K-T
C438,330p,Capacitor_SMD:C_0603_1608Metric,False,H70 boundary coupling 1/4,CC0603JRNPO9BN331
C439,330p,Capacitor_SMD:C_0603_1608Metric,False,H70 boundary coupling 2/4,CC0603JRNPO9BN331
C440,330p,Capacitor_SMD:C_0603_1608Metric,False,H70 boundary coupling 3/4,CC0603JRNPO9BN331
C441,330p,Capacitor_SMD:C_0603_1608Metric,False,H70 boundary coupling 4/4,CC0603JRNPO9BN331
L157,1u,Inductor_SMD:L_0805_2012Metric,False,H71 inductor; Abracon AIML-0805-1R0K-T 10% Q>=45 at 10MHz,AIML-0805-1R0K-T
C442,330p,Capacitor_SMD:C_0603_1608Metric,False,H71 boundary coupling 1/4,CC0603JRNPO9BN331
C443,330p,Capacitor_SMD:C_0603_1608Metric,False,H71 boundary coupling 2/4,CC0603JRNPO9BN331
C444,330p,Capacitor_SMD:C_0603_1608Metric,False,H71 boundary coupling 3/4,CC0603JRNPO9BN331
C445,330p,Capacitor_SMD:C_0603_1608Metric,False,H71 boundary coupling 4/4,CC0603JRNPO9BN331
L158,1u,Inductor_SMD:L_0805_2012Metric,False,H72 inductor; Abracon AIML-0805-1R0K-T 10% Q>=45 at 10MHz,AIML-0805-1R0K-T
C446,330p,Capacitor_SMD:C_0603_1608Metric,False,H72 boundary coupling 1/4,CC0603JRNPO9BN331
C447,330p,Capacitor_SMD:C_0603_1608Metric,False,H72 boundary coupling 2/4,CC0603JRNPO9BN331
C448,330p,Capacitor_SMD:C_0603_1608Metric,False,H72 boundary coupling 3/4,CC0603JRNPO9BN331
C449,330p,Capacitor_SMD:C_0603_1608Metric,False,H72 boundary coupling 4/4,CC0603JRNPO9BN331
L159,1u,Inductor_SMD:L_0805_2012Metric,False,H73 inductor; Abracon AIML-0805-1R0K-T 10% Q>=45 at 10MHz,AIML-0805-1R0K-T
C450,330p,Capacitor_SMD:C_0603_1608Metric,False,H73 boundary coupling 1/4,CC0603JRNPO9BN331
C451,330p,Capacitor_SMD:C_0603_1608Metric,False,H73 boundary coupling 2/4,CC0603JRNPO9BN331
C452,330p,Capacitor_SMD:C_0603_1608Metric,False,H73 boundary coupling 3/4,CC0603JRNPO9BN331
C453,330p,Capacitor_SMD:C_0603_1608Metric,False,H73 boundary coupling 4/4,CC0603JRNPO9BN331
L160,1u,Inductor_SMD:L_0805_2012Metric,False,H74 inductor; Abracon AIML-0805-1R0K-T 10% Q>=45 at 10MHz,AIML-0805-1R0K-T
C454,330p,Capacitor_SMD:C_0603_1608Metric,False,H74 boundary coupling 1/4,CC0603JRNPO9BN331
C455,330p,Capacitor_SMD:C_0603_1608Metric,False,H74 boundary coupling 2/4,CC0603JRNPO9BN331
C456,330p,Capacitor_SMD:C_0603_1608Metric,False,H74 boundary coupling 3/4,CC0603JRNPO9BN331
C457,330p,Capacitor_SMD:C_0603_1608Metric,False,H74 boundary coupling 4/4,CC0603JRNPO9BN331
L161,1u,Inductor_SMD:L_0805_2012Metric,False,H75 inductor; Abracon AIML-0805-1R0K-T 10% Q>=45 at 10MHz,AIML-0805-1R0K-T
C458,330p,Capacitor_SMD:C_0603_1608Metric,False,H75 boundary coupling 1/4,CC0603JRNPO9BN331
C459,330p,Capacitor_SMD:C_0603_1608Metric,False,H75 boundary coupling 2/4,CC0603JRNPO9BN331
C460,330p,Capacitor_SMD:C_0603_1608Metric,False,H75 boundary coupling 3/4,CC0603JRNPO9BN331
C461,330p,Capacitor_SMD:C_0603_1608Metric,False,H75 boundary coupling 4/4,CC0603JRNPO9BN331
L162,1u,Inductor_SMD:L_0805_2012Metric,False,H76 inductor; Abracon AIML-0805-1R0K-T 10% Q>=45 at 10MHz,AIML-0805-1R0K-T
C462,330p,Capacitor_SMD:C_0603_1608Metric,False,H76 boundary coupling 1/4,CC0603JRNPO9BN331
C463,330p,Capacitor_SMD:C_0603_1608Metric,False,H76 boundary coupling 2/4,CC0603JRNPO9BN331
C464,330p,Capacitor_SMD:C_0603_1608Metric,False,H76 boundary coupling 3/4,CC0603JRNPO9BN331
C465,330p,Capacitor_SMD:C_0603_1608Metric,False,H76 boundary coupling 4/4,CC0603JRNPO9BN331
L163,1u,Inductor_SMD:L_0805_2012Metric,False,H77 inductor; Abracon AIML-0805-1R0K-T 10% Q>=45 at 10MHz,AIML-0805-1R0K-T
C466,330p,Capacitor_SMD:C_0603_1608Metric,False,H77 boundary coupling 1/4,CC0603JRNPO9BN331
C467,330p,Capacitor_SMD:C_0603_1608Metric,False,H77 boundary coupling 2/4,CC0603JRNPO9BN331
C468,330p,Capacitor_SMD:C_0603_1608Metric,False,H77 boundary coupling 3/4,CC0603JRNPO9BN331
C469,330p,Capacitor_SMD:C_0603_1608Metric,False,H77 boundary coupling 4/4,CC0603JRNPO9BN331
L164,1u,Inductor_SMD:L_0805_2012Metric,False,H78 inductor; Abracon AIML-0805-1R0K-T 10% Q>=45 at 10MHz,AIML-0805-1R0K-T
C470,330p,Capacitor_SMD:C_0603_1608Metric,False,H78 boundary coupling 1/4,CC0603JRNPO9BN331
C471,330p,Capacitor_SMD:C_0603_1608Metric,False,H78 boundary coupling 2/4,CC0603JRNPO9BN331
C472,330p,Capacitor_SMD:C_0603_1608Metric,False,H78 boundary coupling 3/4,CC0603JRNPO9BN331
C473,330p,Capacitor_SMD:C_0603_1608Metric,False,H78 boundary coupling 4/4,CC0603JRNPO9BN331
L165,1u,Inductor_SMD:L_0805_2012Metric,False,H79 inductor; Abracon AIML-0805-1R0K-T 10% Q>=45 at 10MHz,AIML-0805-1R0K-T
C474,330p,Capacitor_SMD:C_0603_1608Metric,False,H79 boundary coupling 1/4,CC0603JRNPO9BN331
C475,330p,Capacitor_SMD:C_0603_1608Metric,False,H79 boundary coupling 2/4,CC0603JRNPO9BN331
C476,330p,Capacitor_SMD:C_0603_1608Metric,False,H79 boundary coupling 3/4,CC0603JRNPO9BN331
C477,330p,Capacitor_SMD:C_0603_1608Metric,False,H79 boundary coupling 4/4,CC0603JRNPO9BN331
L166,1u,Inductor_SMD:L_0805_2012Metric,False,H80 inductor; Abracon AIML-0805-1R0K-T 10% Q>=45 at 10MHz,AIML-0805-1R0K-T
C478,330p,Capacitor_SMD:C_0603_1608Metric,False,H80 boundary coupling 1/4,CC0603JRNPO9BN331
C479,330p,Capacitor_SMD:C_0603_1608Metric,False,H80 boundary coupling 2/4,CC0603JRNPO9BN331
C480,330p,Capacitor_SMD:C_0603_1608Metric,False,H80 boundary coupling 3/4,CC0603JRNPO9BN331
C481,330p,Capacitor_SMD:C_0603_1608Metric,False,H80 boundary coupling 4/4,CC0603JRNPO9BN331
L167,1u,Inductor_SMD:L_0805_2012Metric,False,H81 inductor; Abracon AIML-0805-1R0K-T 10% Q>=45 at 10MHz,AIML-0805-1R0K-T
C482,330p,Capacitor_SMD:C_0603_1608Metric,False,H81 boundary coupling 1/4,CC0603JRNPO9BN331
C483,330p,Capacitor_SMD:C_0603_1608Metric,False,H81 boundary coupling 2/4,CC0603JRNPO9BN331
C484,330p,Capacitor_SMD:C_0603_1608Metric,False,H81 boundary coupling 3/4,CC0603JRNPO9BN331
C485,330p,Capacitor_SMD:C_0603_1608Metric,False,H81 boundary coupling 4/4,CC0603JRNPO9BN331
L168,1u,Inductor_SMD:L_0805_2012Metric,False,H82 inductor; Abracon AIML-0805-1R0K-T 10% Q>=45 at 10MHz,AIML-0805-1R0K-T
C486,330p,Capacitor_SMD:C_0603_1608Metric,False,H82 boundary coupling 1/4,CC0603JRNPO9BN331
C487,330p,Capacitor_SMD:C_0603_1608Metric,False,H82 boundary coupling 2/4,CC0603JRNPO9BN331
C488,330p,Capacitor_SMD:C_0603_1608Metric,False,H82 boundary coupling 3/4,CC0603JRNPO9BN331
C489,330p,Capacitor_SMD:C_0603_1608Metric,False,H82 boundary coupling 4/4,CC0603JRNPO9BN331
L169,1u,Inductor_SMD:L_0805_2012Metric,False,H83 inductor; Abracon AIML-0805-1R0K-T 10% Q>=45 at 10MHz,AIML-0805-1R0K-T
C490,330p,Capacitor_SMD:C_0603_1608Metric,False,H83 boundary coupling 1/4,CC0603JRNPO9BN331
C491,330p,Capacitor_SMD:C_0603_1608Metric,False,H83 boundary coupling 2/4,CC0603JRNPO9BN331
C492,330p,Capacitor_SMD:C_0603_1608Metric,False,H83 boundary coupling 3/4,CC0603JRNPO9BN331
C493,330p,Capacitor_SMD:C_0603_1608Metric,False,H83 boundary coupling 4/4,CC0603JRNPO9BN331
L170,1u,Inductor_SMD:L_0805_2012Metric,False,H84 inductor; Abracon AIML-0805-1R0K-T 10% Q>=45 at 10MHz,AIML-0805-1R0K-T
C494,330p,Capacitor_SMD:C_0603_1608Metric,False,H84 boundary coupling 1/4,CC0603JRNPO9BN331
C495,330p,Capacitor_SMD:C_0603_1608Metric,False,H84 boundary coupling 2/4,CC0603JRNPO9BN331
C496,330p,Capacitor_SMD:C_0603_1608Metric,False,H84 boundary coupling 3/4,CC0603JRNPO9BN331
C497,330p,Capacitor_SMD:C_0603_1608Metric,False,H84 boundary coupling 4/4,CC0603JRNPO9BN331
C498,330p,Capacitor_SMD:C_0603_1608Metric,False,H edge 0-1,CC0603JRNPO9BN331
C499,330p,Capacitor_SMD:C_0603_1608Metric,False,H edge 0-2 defect D1: replace 165p/open or parallel 330p,CC0603JRNPO9BN331
C500,330p,Capacitor_SMD:C_0603_1608Metric,True,H edge 0-2 defect D1: replace 165p/open or parallel 330p parallel,CC0603JRNPO9BN331
C501,330p,Capacitor_SMD:C_0603_1608Metric,False,H edge 0-3,CC0603JRNPO9BN331
C502,330p,Capacitor_SMD:C_0603_1608Metric,False,H edge 0-4,CC0603JRNPO9BN331
C503,330p,Capacitor_SMD:C_0603_1608Metric,False,H edge 0-5,CC0603JRNPO9BN331
C504,330p,Capacitor_SMD:C_0603_1608Metric,False,H edge 0-6,CC0603JRNPO9BN331
C505,330p,Capacitor_SMD:C_0603_1608Metric,False,H edge 0-7,CC0603JRNPO9BN331
C506,330p,Capacitor_SMD:C_0603_1608Metric,False,H edge 1-2,CC0603JRNPO9BN331
C507,330p,Capacitor_SMD:C_0603_1608Metric,False,H edge 1-7,CC0603JRNPO9BN331
C508,330p,Capacitor_SMD:C_0603_1608Metric,False,H edge 1-8,CC0603JRNPO9BN331
C509,330p,Capacitor_SMD:C_0603_1608Metric,False,H edge 1-14 defect D4: replace 165p/open or parallel 330p,CC0603JRNPO9BN331
C510,330p,Capacitor_SMD:C_0603_1608Metric,True,H edge 1-14 defect D4: replace 165p/open or parallel 330p parallel,CC0603JRNPO9BN331
C511,330p,Capacitor_SMD:C_0603_1608Metric,False,H edge 1-15,CC0603JRNPO9BN331
C512,330p,Capacitor_SMD:C_0603_1608Metric,False,H edge 1-16,CC0603JRNPO9BN331
C513,330p,Capacitor_SMD:C_0603_1608Metric,False,H edge 2-3,CC0603JRNPO9BN331
C514,330p,Capacitor_SMD:C_0603_1608Metric,False,H edge 2-8,CC0603JRNPO9BN331
C515,330p,Capacitor_SMD:C_0603_1608Metric,False,H edge 2-9,CC0603JRNPO9BN331
C516,330p,Capacitor_SMD:C_0603_1608Metric,False,H edge 2-17,CC0603JRNPO9BN331
C517,330p,Capacitor_SMD:C_0603_1608Metric,False,H edge 2-18,CC0603JRNPO9BN331
C518,330p,Capacitor_SMD:C_0603_1608Metric,False,H edge 3-4,CC0603JRNPO9BN331
C519,330p,Capacitor_SMD:C_0603_1608Metric,False,H edge 3-9,CC0603JRNPO9BN331
C520,330p,Capacitor_SMD:C_0603_1608Metric,False,H edge 3-10,CC0603JRNPO9BN331
C521,330p,Capacitor_SMD:C_0603_1608Metric,False,H edge 3-19,CC0603JRNPO9BN331
C522,330p,Capacitor_SMD:C_0603_1608Metric,False,H edge 3-20,CC0603JRNPO9BN331
C523,330p,Capacitor_SMD:C_0603_1608Metric,False,H edge 4-5,CC0603JRNPO9BN331
C524,330p,Capacitor_SMD:C_0603_1608Metric,False,H edge 4-10,CC0603JRNPO9BN331
C525,330p,Capacitor_SMD:C_0603_1608Metric,False,H edge 4-11,CC0603JRNPO9BN331
C526,330p,Capacitor_SMD:C_0603_1608Metric,False,H edge 4-21,CC0603JRNPO9BN331
C527,330p,Capacitor_SMD:C_0603_1608Metric,False,H edge 4-22,CC0603JRNPO9BN331
C528,330p,Capacitor_SMD:C_0603_1608Metric,False,H edge 5-6,CC0603JRNPO9BN331
C529,330p,Capacitor_SMD:C_0603_1608Metric,False,H edge 5-11 defect D5: replace 165p/open or parallel 330p,CC0603JRNPO9BN331
C530,330p,Capacitor_SMD:C_0603_1608Metric,True,H edge 5-11 defect D5: replace 165p/open or parallel 330p parallel,CC0603JRNPO9BN331
C531,330p,Capacitor_SMD:C_0603_1608Metric,False,H edge 5-12,CC0603JRNPO9BN331
C532,330p,Capacitor_SMD:C_0603_1608Metric,False,H edge 5-23,CC0603JRNPO9BN331
C533,330p,Capacitor_SMD:C_0603_1608Metric,False,H edge 5-24,CC0603JRNPO9BN331
C534,330p,Capacitor_SMD:C_0603_1608Metric,False,H edge 6-7,CC0603JRNPO9BN331
C535,330p,Capacitor_SMD:C_0603_1608Metric,False,H edge 6-12 defect D2: replace 165p/open or parallel 330p,CC0603JRNPO9BN331
C536,330p,Capacitor_SMD:C_0603_1608Metric,True,H edge 6-12 defect D2: replace 165p/open or parallel 330p parallel,CC0603JRNPO9BN331
C537,330p,Capacitor_SMD:C_0603_1608Metric,False,H edge 6-13,CC0603JRNPO9BN331
C538,330p,Capacitor_SMD:C_0603_1608Metric,False,H edge 6-25,CC0603JRNPO9BN331
C539,330p,Capacitor_SMD:C_0603_1608Metric,False,H edge 6-26,CC0603JRNPO9BN331
C540,330p,Capacitor_SMD:C_0603_1608Metric,False,H edge 7-13 defect D6: replace 165p/open or parallel 330p,CC0603JRNPO9BN331
C541,330p,Capacitor_SMD:C_0603_1608Metric,True,H edge 7-13 defect D6: replace 165p/open or parallel 330p parallel,CC0603JRNPO9BN331
C542,330p,Capacitor_SMD:C_0603_1608Metric,False,H edge 7-14,CC0603JRNPO9BN331
C543,330p,Capacitor_SMD:C_0603_1608Metric,False,H edge 7-27,CC0603JRNPO9BN331
C544,330p,Capacitor_SMD:C_0603_1608Metric,False,H edge 7-28,CC0603JRNPO9BN331
C545,330p,Capacitor_SMD:C_0603_1608Metric,False,H edge 8-16,CC0603JRNPO9BN331
C546,330p,Capacitor_SMD:C_0603_1608Metric,False,H edge 8-17,CC0603JRNPO9BN331
C547,330p,Capacitor_SMD:C_0603_1608Metric,False,H edge 8-30,CC0603JRNPO9BN331
C548,330p,Capacitor_SMD:C_0603_1608Metric,False,H edge 8-31,CC0603JRNPO9BN331
C549,330p,Capacitor_SMD:C_0603_1608Metric,False,H edge 8-44,CC0603JRNPO9BN331
C550,330p,Capacitor_SMD:C_0603_1608Metric,False,H edge 9-18,CC0603JRNPO9BN331
C551,330p,Capacitor_SMD:C_0603_1608Metric,False,H edge 9-19,CC0603JRNPO9BN331
C552,330p,Capacitor_SMD:C_0603_1608Metric,False,H edge 9-32,CC0603JRNPO9BN331
C553,330p,Capacitor_SMD:C_0603_1608Metric,False,H edge 9-33,CC0603JRNPO9BN331
C554,330p,Capacitor_SMD:C_0603_1608Metric,False,H edge 9-46,CC0603JRNPO9BN331
C555,330p,Capacitor_SMD:C_0603_1608Metric,False,H edge 10-20,CC0603JRNPO9BN331
C556,330p,Capacitor_SMD:C_0603_1608Metric,False,H edge 10-21,CC0603JRNPO9BN331
C557,330p,Capacitor_SMD:C_0603_1608Metric,False,H edge 10-34,CC0603JRNPO9BN331
C558,330p,Capacitor_SMD:C_0603_1608Metric,False,H edge 10-35,CC0603JRNPO9BN331
C559,330p,Capacitor_SMD:C_0603_1608Metric,False,H edge 10-48,CC0603JRNPO9BN331
C560,330p,Capacitor_SMD:C_0603_1608Metric,False,H edge 11-22,CC0603JRNPO9BN331
C561,330p,Capacitor_SMD:C_0603_1608Metric,False,H edge 11-23,CC0603JRNPO9BN331
C562,330p,Capacitor_SMD:C_0603_1608Metric,False,H edge 11-36,CC0603JRNPO9BN331
C563,330p,Capacitor_SMD:C_0603_1608Metric,False,H edge 11-37,CC0603JRNPO9BN331
C564,330p,Capacitor_SMD:C_0603_1608Metric,False,H edge 11-50,CC0603JRNPO9BN331
C565,330p,Capacitor_SMD:C_0603_1608Metric,False,H edge 12-24,CC0603JRNPO9BN331
C566,330p,Capacitor_SMD:C_0603_1608Metric,False,H edge 12-25,CC0603JRNPO9BN331
C567,330p,Capacitor_SMD:C_0603_1608Metric,False,H edge 12-38,CC0603JRNPO9BN331
C568,330p,Capacitor_SMD:C_0603_1608Metric,False,H edge 12-39,CC0603JRNPO9BN331
C569,330p,Capacitor_SMD:C_0603_1608Metric,False,H edge 12-52,CC0603JRNPO9BN331
C570,330p,Capacitor_SMD:C_0603_1608Metric,False,H edge 13-26,CC0603JRNPO9BN331
C571,330p,Capacitor_SMD:C_0603_1608Metric,False,H edge 13-27,CC0603JRNPO9BN331
C572,330p,Capacitor_SMD:C_0603_1608Metric,False,H edge 13-40,CC0603JRNPO9BN331
C573,330p,Capacitor_SMD:C_0603_1608Metric,False,H edge 13-41,CC0603JRNPO9BN331
C574,330p,Capacitor_SMD:C_0603_1608Metric,False,H edge 13-54,CC0603JRNPO9BN331
C575,330p,Capacitor_SMD:C_0603_1608Metric,False,H edge 14-15,CC0603JRNPO9BN331
C576,330p,Capacitor_SMD:C_0603_1608Metric,False,H edge 14-28,CC0603JRNPO9BN331
C577,330p,Capacitor_SMD:C_0603_1608Metric,False,H edge 14-29,CC0603JRNPO9BN331
C578,330p,Capacitor_SMD:C_0603_1608Metric,False,H edge 14-42,CC0603JRNPO9BN331
C579,330p,Capacitor_SMD:C_0603_1608Metric,False,H edge 14-56,CC0603JRNPO9BN331
C580,330p,Capacitor_SMD:C_0603_1608Metric,False,H edge 15-16,CC0603JRNPO9BN331
C581,330p,Capacitor_SMD:C_0603_1608Metric,False,H edge 15-29,CC0603JRNPO9BN331
C582,330p,Capacitor_SMD:C_0603_1608Metric,False,H edge 15-43,CC0603JRNPO9BN331
C583,330p,Capacitor_SMD:C_0603_1608Metric,False,H edge 15-57,CC0603JRNPO9BN331
C584,330p,Capacitor_SMD:C_0603_1608Metric,False,H edge 15-71,CC0603JRNPO9BN331
C585,330p,Capacitor_SMD:C_0603_1608Metric,False,H edge 16-30,CC0603JRNPO9BN331
C586,330p,Capacitor_SMD:C_0603_1608Metric,False,H edge 16-43,CC0603JRNPO9BN331
C587,330p,Capacitor_SMD:C_0603_1608Metric,False,H edge 16-58,CC0603JRNPO9BN331
C588,330p,Capacitor_SMD:C_0603_1608Metric,False,H edge 16-72,CC0603JRNPO9BN331
C589,330p,Capacitor_SMD:C_0603_1608Metric,False,H edge 17-18,CC0603JRNPO9BN331
C590,330p,Capacitor_SMD:C_0603_1608Metric,False,H edge 17-31,CC0603JRNPO9BN331
C591,330p,Capacitor_SMD:C_0603_1608Metric,False,H edge 17-45 defect D3: replace 165p/open or parallel 330p,CC0603JRNPO9BN331
C592,330p,Capacitor_SMD:C_0603_1608Metric,True,H edge 17-45 defect D3: replace 165p/open or parallel 330p parallel,CC0603JRNPO9BN331
C593,330p,Capacitor_SMD:C_0603_1608Metric,False,H edge 17-59,CC0603JRNPO9BN331
C594,330p,Capacitor_SMD:C_0603_1608Metric,False,H edge 17-73,CC0603JRNPO9BN331
C595,330p,Capacitor_SMD:C_0603_1608Metric,False,H edge 18-32,CC0603JRNPO9BN331
C596,330p,Capacitor_SMD:C_0603_1608Metric,False,H edge 18-45,CC0603JRNPO9BN331
C597,330p,Capacitor_SMD:C_0603_1608Metric,False,H edge 18-60,CC0603JRNPO9BN331
C598,330p,Capacitor_SMD:C_0603_1608Metric,False,H edge 18-74,CC0603JRNPO9BN331
C599,330p,Capacitor_SMD:C_0603_1608Metric,False,H edge 19-20,CC0603JRNPO9BN331
C600,330p,Capacitor_SMD:C_0603_1608Metric,False,H edge 19-33,CC0603JRNPO9BN331
C601,330p,Capacitor_SMD:C_0603_1608Metric,False,H edge 19-47,CC0603JRNPO9BN331
C602,330p,Capacitor_SMD:C_0603_1608Metric,False,H edge 19-61,CC0603JRNPO9BN331
C603,330p,Capacitor_SMD:C_0603_1608Metric,False,H edge 19-75,CC0603JRNPO9BN331
C604,330p,Capacitor_SMD:C_0603_1608Metric,False,H edge 20-34,CC0603JRNPO9BN331
C605,330p,Capacitor_SMD:C_0603_1608Metric,False,H edge 20-47,CC0603JRNPO9BN331
C606,330p,Capacitor_SMD:C_0603_1608Metric,False,H edge 20-62,CC0603JRNPO9BN331
C607,330p,Capacitor_SMD:C_0603_1608Metric,False,H edge 20-76,CC0603JRNPO9BN331
C608,330p,Capacitor_SMD:C_0603_1608Metric,False,H edge 21-22,CC0603JRNPO9BN331
C609,330p,Capacitor_SMD:C_0603_1608Metric,False,H edge 21-35,CC0603JRNPO9BN331
C610,330p,Capacitor_SMD:C_0603_1608Metric,False,H edge 21-49,CC0603JRNPO9BN331
C611,330p,Capacitor_SMD:C_0603_1608Metric,False,H edge 21-63,CC0603JRNPO9BN331
C612,330p,Capacitor_SMD:C_0603_1608Metric,False,H edge 21-77,CC0603JRNPO9BN331
C613,330p,Capacitor_SMD:C_0603_1608Metric,False,H edge 22-36,CC0603JRNPO9BN331
C614,330p,Capacitor_SMD:C_0603_1608Metric,False,H edge 22-49,CC0603JRNPO9BN331
C615,330p,Capacitor_SMD:C_0603_1608Metric,False,H edge 22-64,CC0603JRNPO9BN331
C616,330p,Capacitor_SMD:C_0603_1608Metric,False,H edge 22-78,CC0603JRNPO9BN331
C617,330p,Capacitor_SMD:C_0603_1608Metric,False,H edge 23-24,CC0603JRNPO9BN331
C618,330p,Capacitor_SMD:C_0603_1608Metric,False,H edge 23-37,CC0603JRNPO9BN331
C619,330p,Capacitor_SMD:C_0603_1608Metric,False,H edge 23-51,CC0603JRNPO9BN331
C620,330p,Capacitor_SMD:C_0603_1608Metric,False,H edge 23-65,CC0603JRNPO9BN331
C621,330p,Capacitor_SMD:C_0603_1608Metric,False,H edge 23-79,CC0603JRNPO9BN331
C622,330p,Capacitor_SMD:C_0603_1608Metric,False,H edge 24-38,CC0603JRNPO9BN331
C623,330p,Capacitor_SMD:C_0603_1608Metric,False,H edge 24-51,CC0603JRNPO9BN331
C624,330p,Capacitor_SMD:C_0603_1608Metric,False,H edge 24-66,CC0603JRNPO9BN331
C625,330p,Capacitor_SMD:C_0603_1608Metric,False,H edge 24-80,CC0603JRNPO9BN331
C626,330p,Capacitor_SMD:C_0603_1608Metric,False,H edge 25-26,CC0603JRNPO9BN331
C627,330p,Capacitor_SMD:C_0603_1608Metric,False,H edge 25-39,CC0603JRNPO9BN331
C628,330p,Capacitor_SMD:C_0603_1608Metric,False,H edge 25-53,CC0603JRNPO9BN331
C629,330p,Capacitor_SMD:C_0603_1608Metric,False,H edge 25-67,CC0603JRNPO9BN331
C630,330p,Capacitor_SMD:C_0603_1608Metric,False,H edge 25-81,CC0603JRNPO9BN331
C631,330p,Capacitor_SMD:C_0603_1608Metric,False,H edge 26-40,CC0603JRNPO9BN331
C632,330p,Capacitor_SMD:C_0603_1608Metric,False,H edge 26-53,CC0603JRNPO9BN331
C633,330p,Capacitor_SMD:C_0603_1608Metric,False,H edge 26-68,CC0603JRNPO9BN331
C634,330p,Capacitor_SMD:C_0603_1608Metric,False,H edge 26-82,CC0603JRNPO9BN331
C635,330p,Capacitor_SMD:C_0603_1608Metric,False,H edge 27-28,CC0603JRNPO9BN331
C636,330p,Capacitor_SMD:C_0603_1608Metric,False,H edge 27-41,CC0603JRNPO9BN331
C637,330p,Capacitor_SMD:C_0603_1608Metric,False,H edge 27-55,CC0603JRNPO9BN331
C638,330p,Capacitor_SMD:C_0603_1608Metric,False,H edge 27-69,CC0603JRNPO9BN331
C639,330p,Capacitor_SMD:C_0603_1608Metric,False,H edge 27-83,CC0603JRNPO9BN331
C640,330p,Capacitor_SMD:C_0603_1608Metric,False,H edge 28-42,CC0603JRNPO9BN331
C641,330p,Capacitor_SMD:C_0603_1608Metric,False,H edge 28-55,CC0603JRNPO9BN331
C642,330p,Capacitor_SMD:C_0603_1608Metric,False,H edge 28-70,CC0603JRNPO9BN331
C643,330p,Capacitor_SMD:C_0603_1608Metric,False,H edge 28-84,CC0603JRNPO9BN331
C644,330p,Capacitor_SMD:C_0603_1608Metric,False,H edge 29-56,CC0603JRNPO9BN331
C645,330p,Capacitor_SMD:C_0603_1608Metric,False,H edge 29-57,CC0603JRNPO9BN331
C646,330p,Capacitor_SMD:C_0603_1608Metric,False,H edge 30-44,CC0603JRNPO9BN331
C647,330p,Capacitor_SMD:C_0603_1608Metric,False,H edge 30-58,CC0603JRNPO9BN331
C648,330p,Capacitor_SMD:C_0603_1608Metric,False,H edge 31-44,CC0603JRNPO9BN331
C649,330p,Capacitor_SMD:C_0603_1608Metric,False,H edge 31-59,CC0603JRNPO9BN331
C650,330p,Capacitor_SMD:C_0603_1608Metric,False,H edge 32-46,CC0603JRNPO9BN331
C651,330p,Capacitor_SMD:C_0603_1608Metric,False,H edge 32-60,CC0603JRNPO9BN331
C652,330p,Capacitor_SMD:C_0603_1608Metric,False,H edge 33-46,CC0603JRNPO9BN331
C653,330p,Capacitor_SMD:C_0603_1608Metric,False,H edge 33-61,CC0603JRNPO9BN331
C654,330p,Capacitor_SMD:C_0603_1608Metric,False,H edge 34-48,CC0603JRNPO9BN331
C655,330p,Capacitor_SMD:C_0603_1608Metric,False,H edge 34-62,CC0603JRNPO9BN331
C656,330p,Capacitor_SMD:C_0603_1608Metric,False,H edge 35-48,CC0603JRNPO9BN331
C657,330p,Capacitor_SMD:C_0603_1608Metric,False,H edge 35-63,CC0603JRNPO9BN331
C658,330p,Capacitor_SMD:C_0603_1608Metric,False,H edge 36-50,CC0603JRNPO9BN331
C659,330p,Capacitor_SMD:C_0603_1608Metric,False,H edge 36-64,CC0603JRNPO9BN331
C660,330p,Capacitor_SMD:C_0603_1608Metric,False,H edge 37-50,CC0603JRNPO9BN331
C661,330p,Capacitor_SMD:C_0603_1608Metric,False,H edge 37-65,CC0603JRNPO9BN331
C662,330p,Capacitor_SMD:C_0603_1608Metric,False,H edge 38-52,CC0603JRNPO9BN331
C663,330p,Capacitor_SMD:C_0603_1608Metric,False,H edge 38-66,CC0603JRNPO9BN331
C664,330p,Capacitor_SMD:C_0603_1608Metric,False,H edge 39-52,CC0603JRNPO9BN331
C665,330p,Capacitor_SMD:C_0603_1608Metric,False,H edge 39-67,CC0603JRNPO9BN331
C666,330p,Capacitor_SMD:C_0603_1608Metric,False,H edge 40-54,CC0603JRNPO9BN331
C667,330p,Capacitor_SMD:C_0603_1608Metric,False,H edge 40-68,CC0603JRNPO9BN331
C668,330p,Capacitor_SMD:C_0603_1608Metric,False,H edge 41-54,CC0603JRNPO9BN331
C669,330p,Capacitor_SMD:C_0603_1608Metric,False,H edge 41-69,CC0603JRNPO9BN331
C670,330p,Capacitor_SMD:C_0603_1608Metric,False,H edge 42-56,CC0603JRNPO9BN331
C671,330p,Capacitor_SMD:C_0603_1608Metric,False,H edge 42-70,CC0603JRNPO9BN331
C672,330p,Capacitor_SMD:C_0603_1608Metric,False,H edge 43-71,CC0603JRNPO9BN331
C673,330p,Capacitor_SMD:C_0603_1608Metric,False,H edge 43-72,CC0603JRNPO9BN331
C674,330p,Capacitor_SMD:C_0603_1608Metric,False,H edge 45-73,CC0603JRNPO9BN331
C675,330p,Capacitor_SMD:C_0603_1608Metric,False,H edge 45-74,CC0603JRNPO9BN331
C676,330p,Capacitor_SMD:C_0603_1608Metric,False,H edge 47-75,CC0603JRNPO9BN331
C677,330p,Capacitor_SMD:C_0603_1608Metric,False,H edge 47-76,CC0603JRNPO9BN331
C678,330p,Capacitor_SMD:C_0603_1608Metric,False,H edge 49-77,CC0603JRNPO9BN331
C679,330p,Capacitor_SMD:C_0603_1608Metric,False,H edge 49-78,CC0603JRNPO9BN331
C680,330p,Capacitor_SMD:C_0603_1608Metric,False,H edge 51-79,CC0603JRNPO9BN331
C681,330p,Capacitor_SMD:C_0603_1608Metric,False,H edge 51-80,CC0603JRNPO9BN331
C682,330p,Capacitor_SMD:C_0603_1608Metric,False,H edge 53-81,CC0603JRNPO9BN331
C683,330p,Capacitor_SMD:C_0603_1608Metric,False,H edge 53-82,CC0603JRNPO9BN331
C684,330p,Capacitor_SMD:C_0603_1608Metric,False,H edge 55-83,CC0603JRNPO9BN331
C685,330p,Capacitor_SMD:C_0603_1608Metric,False,H edge 55-84,CC0603JRNPO9BN331
C686,330p,Capacitor_SMD:C_0603_1608Metric,False,H edge 57-71,CC0603JRNPO9BN331
C687,330p,Capacitor_SMD:C_0603_1608Metric,False,H edge 58-72,CC0603JRNPO9BN331
C688,330p,Capacitor_SMD:C_0603_1608Metric,False,H edge 59-73,CC0603JRNPO9BN331
C689,330p,Capacitor_SMD:C_0603_1608Metric,False,H edge 60-74,CC0603JRNPO9BN331
C690,330p,Capacitor_SMD:C_0603_1608Metric,False,H edge 61-75,CC0603JRNPO9BN331
C691,330p,Capacitor_SMD:C_0603_1608Metric,False,H edge 62-76,CC0603JRNPO9BN331
C692,330p,Capacitor_SMD:C_0603_1608Metric,False,H edge 63-77,CC0603JRNPO9BN331
C693,330p,Capacitor_SMD:C_0603_1608Metric,False,H edge 64-78,CC0603JRNPO9BN331
C694,330p,Capacitor_SMD:C_0603_1608Metric,False,H edge 65-79,CC0603JRNPO9BN331
C695,330p,Capacitor_SMD:C_0603_1608Metric,False,H edge 66-80,CC0603JRNPO9BN331
C696,330p,Capacitor_SMD:C_0603_1608Metric,False,H edge 67-81,CC0603JRNPO9BN331
C697,330p,Capacitor_SMD:C_0603_1608Metric,False,H edge 68-82,CC0603JRNPO9BN331
C698,330p,Capacitor_SMD:C_0603_1608Metric,False,H edge 69-83,CC0603JRNPO9BN331
C699,330p,Capacitor_SMD:C_0603_1608Metric,False,H edge 70-84,CC0603JRNPO9BN331
J2,SOURCE,Connector_PinHeader_2.54mm:PinHeader_1x02_P2.54mm_Vertical,False,,generic; see design plan
R2,1k,Resistor_SMD:R_0603_1608Metric,False,"injection/sense 1%, low parasitic",generic; see design plan
